"","schoolid","schoolName","urban","charter","schPctnonw","schPctsped","schPctfree","MathAvgScore.0","MathAvgScore.1","MathAvgScore.2"
"1","Dtype 1 Dnum 1 Snum 2","RIPPLESIDE ELEMENTARY",0,0,0,0.117647059,0.362745098,652.8,656.6,652.6
"4","Dtype 1 Dnum 100 Snum 1","WRENSHALL ELEMENTARY",0,0,0.03030303,0.151515152,0.424242424,646.9,645.3,651.9
"7","Dtype 1 Dnum 108 Snum 30","CENTRAL MIDDLE",0,0,0.076923077,0.123076923,0.261538462,654.7,658.5,659.7
"10","Dtype 1 Dnum 11 Snum 121","SANDBURG MIDDLE",1,0,0.097744361,0.082706767,0.248120301,656.4,656.8,659.9
"13","Dtype 1 Dnum 11 Snum 193","OAK VIEW MIDDLE",1,0,0.053789731,0.095354523,0.141809291,657.7,658.2,659.8
"16","Dtype 1 Dnum 11 Snum 195","ROOSEVELT MIDDLE",1,0,0.123417722,0.088607595,0.240506329,655.9,659.1,660.3
"19","Dtype 1 Dnum 11 Snum 3","FRED MOORE MIDDLE SCHOOL",1,0,0.196319018,0.104294479,0.380368098,652,651.8,656.5
"22","Dtype 1 Dnum 11 Snum 4","COON RAPIDS MIDDLE SCHOOL",1,0,0.209359606,0.123152709,0.384236453,656.1,657.4,658.8
"25","Dtype 1 Dnum 11 Snum 6","JACKSON MIDDLE",1,0,0.271375465,0.074349442,0.286245353,654.9,655.3,656.3
"28","Dtype 1 Dnum 11 Snum 90","NORTHDALE MIDDLE",1,0,0.236503856,0.110539846,0.362467866,654.4,656.1,657.1
"31","Dtype 1 Dnum 110 Snum 220","CLEARWATER MIDDLE",1,0,0.075697211,0.143426295,0.103585657,653.7,655,655.6
"34","Dtype 1 Dnum 111 Snum 841","WATERTOWN-MAYER MIDDLE",1,0,0.053571429,0.098214286,0.25,654.2,647.5,657
"37","Dtype 1 Dnum 112 Snum 61","CHASKA MIDDLE SCHOOL EAST",1,0,0.085427136,0.085427136,0.105527638,656.4,655.9,660.1
"40","Dtype 1 Dnum 112 Snum 62","CHASKA MIDDLE SCHOOL WEST",1,0,0.111111111,0.102222222,0.137777778,659.1,657.5,659.8
"43","Dtype 1 Dnum 112 Snum 63","PIONEER RIDGE MIDDLE SCHOOL",1,0,0.104545455,0.122727273,0.15,NA,NA,659.5
"44","Dtype 1 Dnum 113 Snum 10","W.H.A. ELEMENTARY",0,0,0.161290323,0.161290323,0.467741935,NA,651.7,653.8
"46","Dtype 1 Dnum 115 Snum 20","CASS LAKE-BENA MIDDLE SCHOOL",0,0,0.92,0.266666667,0.786666667,649.6,650.4,651.7
"49","Dtype 1 Dnum 116 Snum 10","PILLAGER ELEMENTARY",0,0,0.01754386,0.175438596,0.50877193,645,650.4,649.7
"52","Dtype 1 Dnum 118 Snum 10","REMER ELEMENTARY",0,0,0.138888889,0.222222222,0.638888889,663.6,663,663.7
"55","Dtype 1 Dnum 12 Snum 166","CENTENNIAL MIDDLE",1,0,0.086,0.144,0.182,656.5,655,658.8
"58","Dtype 1 Dnum 129 Snum 30","MONTEVIDEO MIDDLE",1,0,0.076923077,0.120879121,0.43956044,648.2,648.1,655.3
"61","Dtype 1 Dnum 13 Snum 17","CENTRAL MIDDLE",1,0,0.621621622,0.151351351,0.724324324,648.2,642.6,645.4
"64","Dtype 1 Dnum 138 Snum 20","NORTH BRANCH MIDDLE",1,0,0.035433071,0.122047244,0.307086614,656,653.5,654.4
"67","Dtype 1 Dnum 139 Snum 10","C.E. JACOBSON ELEMENTARY",1,0,0.032258065,0.080645161,0.370967742,651.7,650.8,654.4
"70","Dtype 1 Dnum 14 Snum 23","FRIDLEY MIDDLE",1,0,0.295454545,0.142045455,0.477272727,652.2,654.3,656.1
"73","Dtype 1 Dnum 146 Snum 10","BARNESVILLE ELEMENTARY",0,0,0.028169014,0.098591549,0.211267606,652,658.2,655
"76","Dtype 1 Dnum 15 Snum 123","ST. FRANCIS MIDDLE",1,0,0.054830287,0.091383812,0.253263708,653.5,652.1,657.1
"79","Dtype 1 Dnum 150 Snum 10","HAWLEY ELEMENTARY",0,0,0.015873016,0.158730159,0.26984127,652,653.4,659.5
"82","Dtype 1 Dnum 152 Snum 380","HORIZON MIDDLE SCHOOL",1,0,0.151098901,0.137362637,0.266483516,657.4,654.4,654.5
"85","Dtype 1 Dnum 16 Snum 777","LEARNING ALTERNATIVES COMMUNITY SCH",1,0,0.2,0.1,0.2,NA,NA,659.7
"86","Dtype 1 Dnum 16 Snum 92","WESTWOOD MIDDLE",1,0,0.296296296,0.157407407,0.351851852,653.4,652.2,656.1
"89","Dtype 1 Dnum 162 Snum 10","BAGLEY ELEMENTARY",0,0,0.373134328,0.179104478,0.597014925,645.8,650.5,651.2
"92","Dtype 1 Dnum 166 Snum 40","COOK COUNTY MIDDLE",0,0,0.162790698,0.162790698,0.279069767,653.4,651.7,658
"95","Dtype 1 Dnum 173 Snum 10","MOUNTAIN LAKE ELEMENTARY",0,0,0.2,0.257142857,0.371428571,648.6,652.7,652.6
"98","Dtype 1 Dnum 177 Snum 60","WINDOM MIDDLE",1,0,0.161290323,0.161290323,0.435483871,658.2,657.8,656.8
"101","Dtype 1 Dnum 181 Snum 22","FORESTVIEW MIDDLE",1,0,0.074561404,0.171052632,0.460526316,653.9,651.9,653.1
"104","Dtype 1 Dnum 182 Snum 6","CUYUNA RANGE ELEMENTARY",0,0,0.0375,0.1125,0.5625,647,645.2,652.5
"107","Dtype 1 Dnum 186 Snum 15","PEQUOT LAKES MIDDLE",0,0,0.025210084,0.109243697,0.344537815,649.8,654.5,656.1
"110","Dtype 1 Dnum 191 Snum 482","GIDEON POND ELEMENTARY",1,0,0.310344828,0.068965517,0.344827586,654.8,661.5,660.3
"113","Dtype 1 Dnum 191 Snum 483","EDWARD NEILL ELEMENTARY",1,0,0.510638298,0.191489362,0.617021277,649.6,650.7,649.1
"116","Dtype 1 Dnum 191 Snum 484","M.W. SAVAGE ELEMENTARY",1,0,0.281690141,0.070422535,0.323943662,657.5,659.8,660.9
"119","Dtype 1 Dnum 191 Snum 485","SIOUX TRAIL ELEMENTARY",1,0,0.306122449,0.142857143,0.306122449,654.5,650.9,659.8
"122","Dtype 1 Dnum 191 Snum 486","VISTA VIEW ELEMENTARY",1,0,0.185185185,0.12962963,0.203703704,652,657,659.8
"125","Dtype 1 Dnum 191 Snum 487","WILLIAM BYRNE ELEMENTARY",1,0,0.303571429,0.089285714,0.303571429,658,654.4,658.8
"128","Dtype 1 Dnum 191 Snum 488","RAHN ELEMENTARY",1,0,0.275,0.125,0.2,659.4,659.1,660.2
"131","Dtype 1 Dnum 191 Snum 489","SKY OAKS ELEMENTARY",1,0,0.365079365,0.126984127,0.349206349,653.6,655.9,658.5
"134","Dtype 1 Dnum 191 Snum 490","HIDDEN VALLEY ELEMENTARY",1,0,0.386666667,0.053333333,0.386666667,652.3,653.6,656.8
"137","Dtype 1 Dnum 191 Snum 491","HARRIET BISHOP ELEMENTARY",1,0,0.068965517,0.08045977,0.137931034,657.2,659.2,662.5
"140","Dtype 1 Dnum 192 Snum 30","LEVI P. DODGE MIDDLE SCHOOL",1,0,0.091269841,0.079365079,0.150793651,NA,NA,658
"141","Dtype 1 Dnum 192 Snum 60","ROBERT BOECKMAN MIDDLE SCHOOL",1,0,0.114893617,0.10212766,0.153191489,653.4,654.4,660
"144","Dtype 1 Dnum 194 Snum 104","KENWOOD TRAIL MIDDLE SCHOOL",1,0,0.1003861,0.108108108,0.138996139,653.4,656.1,657.3
"147","Dtype 1 Dnum 194 Snum 105","CENTURY MIDDLE SCHOOL",1,0,0.086956522,0.143812709,0.050167224,655.2,656.8,658.4
"150","Dtype 1 Dnum 194 Snum 89","MCGUIRE MIDDLE",1,0,0.128289474,0.138157895,0.144736842,655.6,657.2,659.5
"153","Dtype 1 Dnum 195 Snum 10","RANDOLPH ELEMENTARY",0,0,0.024390244,0.073170732,0.195121951,653.3,657.9,661.4
"156","Dtype 1 Dnum 196 Snum 25","DAKOTA HILLS MIDDLE",1,0,0.167567568,0.097297297,0.094594595,660.2,659.4,664.4
"159","Dtype 1 Dnum 196 Snum 32","BLACK HAWK MIDDLE",1,0,0.301115242,0.118959108,0.185873606,656.7,656.9,659
"162","Dtype 1 Dnum 196 Snum 39","ROSEMOUNT MIDDLE",1,0,0.153424658,0.164383562,0.106849315,655.9,657.1,661.6
"165","Dtype 1 Dnum 196 Snum 86","FALCON RIDGE MIDDLE",1,0,0.212707182,0.121546961,0.138121547,656.5,656.9,660.7
"168","Dtype 1 Dnum 196 Snum 93","SCOTT HIGHLANDS MIDDLE",1,0,0.256302521,0.147058824,0.218487395,653.6,653.2,656.9
"171","Dtype 1 Dnum 196 Snum 98","VALLEY MIDDLE",1,0,0.3125,0.177083333,0.302083333,652.6,651.7,654.8
"174","Dtype 1 Dnum 197 Snum 52","FRIENDLY HILLS MIDDLE",1,0,0.340740741,0.125925926,0.4,654.3,653.7,653.9
"177","Dtype 1 Dnum 197 Snum 54","HERITAGE MIDDLE",1,0,0.454545455,0.13986014,0.48951049,653.8,648.4,651
"180","Dtype 1 Dnum 199 Snum 27","INVER GROVE HEIGHTS MIDDLE",1,0,0.218954248,0.091503268,0.287581699,650.8,653.5,653.9
"183","Dtype 1 Dnum 2 Snum 1","HILL CITY ELEMENTARY",0,0,0,0,0.315789474,657.1,658.2,658.3
"186","Dtype 1 Dnum 200 Snum 130","HASTINGS MIDDLE SCHOOL",1,0,0.050847458,0.096045198,0.194915254,652,654.3,656.5
"189","Dtype 1 Dnum 203 Snum 3","HAYFIELD ELEMENTARY",0,0,0.041666667,0.083333333,0.270833333,652.2,655.1,661.3
"192","Dtype 1 Dnum 204 Snum 40","KASSON-MANTORVILLE MIDDLE SCHOOL",1,0,0.059459459,0.059459459,0.183783784,NA,NA,656.6
"193","Dtype 1 Dnum 206 Snum 110","CARLOS ELEMENTARY",1,0,0.045454545,0.272727273,0.5,657.2,661,657.3
"196","Dtype 1 Dnum 206 Snum 120","GARFIELD ELEMENTARY",1,0,0,0,0.166666667,657.1,657.1,665.1
"199","Dtype 1 Dnum 206 Snum 130","LINCOLN ELEMENTARY",1,0,0.042253521,0.197183099,0.225352113,659.9,661.7,658.6
"202","Dtype 1 Dnum 206 Snum 140","MILTONA ELEMENTARY",1,0,0,0,0.272727273,651.3,654.5,658.9
"205","Dtype 1 Dnum 206 Snum 150","WOODLAND ELEMENTARY SCHOOL",1,0,0.083333333,0.291666667,0.458333333,655.9,653.5,656.4
"208","Dtype 1 Dnum 206 Snum 160","VOYAGER ELEMENTARY",1,0,0,0.117647059,0.308823529,658.9,660.2,655.8
"211","Dtype 1 Dnum 207 Snum 1","BRANDON ELEMENTARY",0,0,0.105263158,0.105263158,0.473684211,658.6,662.8,660
"214","Dtype 1 Dnum 2071 Snum 10","LK CRYSTAL WELCOME MEMORIAL EL.",0,0,0.03125,0.15625,0.390625,655.3,657.6,655.7
"217","Dtype 1 Dnum 208 Snum 1","EVANSVILLE ELEMENTARY",0,0,0,0.066666667,0.6,NA,657.2,663.2
"219","Dtype 1 Dnum 2125 Snum 2","TRITON MIDDLE SCHOOL",1,0,0.180555556,0.069444444,0.361111111,651.2,654.5,653.8
"222","Dtype 1 Dnum 213 Snum 10","OSAKIS ELEMENTARY",0,0,0.049180328,0.163934426,0.442622951,657.9,659.9,658.6
"225","Dtype 1 Dnum 2134 Snum 10","UNITED SOUTH CENTRAL ELEMENTARY",0,0,0.142857143,0.071428571,0.517857143,NA,648.5,650.5
"227","Dtype 1 Dnum 2135 Snum 30","MAPLE RIVER MIDDLE SCHOOL",0,0,0.071428571,0.107142857,0.44047619,655.8,659.6,658.7
"230","Dtype 1 Dnum 2137 Snum 20","KINGSLAND MIDDLE",0,0,0,0,0.418181818,654.1,653.5,658.7
"233","Dtype 1 Dnum 2142 Snum 10","BABBITT ELEMENTARY",1,0,0,0.24137931,0.689655172,652.9,651.6,650.1
"236","Dtype 1 Dnum 2142 Snum 100","COTTON ELEMENTARY",1,0,0.076923077,0,0.384615385,NA,649.7,654.9
"238","Dtype 1 Dnum 2142 Snum 114","COOK ELEMENTARY",1,0,0.029411765,0.147058824,0.411764706,653.5,645.4,653.3
"241","Dtype 1 Dnum 2142 Snum 142","ORR ELEMENTARY",1,0,0.25,0.25,0.5625,650.9,642.6,656
"244","Dtype 1 Dnum 2142 Snum 16","ALBROOK ELEMENTARY",1,0,0.214285714,0.142857143,0.571428571,647.7,647.9,655.4
"247","Dtype 1 Dnum 2142 Snum 20","TOWER-SOUDAN ELEMENTARY",1,0,0.357142857,0.214285714,0.571428571,650,648,653.9
"250","Dtype 1 Dnum 2142 Snum 96","CHERRY ELEMENTARY",1,0,0.096774194,0.064516129,0.387096774,654.2,652.6,662.3
"253","Dtype 1 Dnum 2143 Snum 10","MORRISTOWN ELEMENTARY",0,0,0.042253521,0.197183099,0.338028169,649.7,646.5,650.9
"256","Dtype 1 Dnum 2144 Snum 3","CHISAGO LAKES MIDDLE",1,0,0.046263345,0.081850534,0.24911032,657.3,658.1,659.2
"259","Dtype 1 Dnum 2149 Snum 60","MINNEWASKA AREA MIDDLE",0,0,0.041666667,0.208333333,0.430555556,655.8,655.6,656.4
"262","Dtype 1 Dnum 2154 Snum 20","NELLE SHEAN ELEMENTARY",1,0,0.023809524,0.083333333,0.369047619,652,649.1,650.9
"265","Dtype 1 Dnum 2155 Snum 2","WADENA-DEER CREEK ELEMENTARY",1,0,0.072463768,0.086956522,0.594202899,656,653.2,653.2
"268","Dtype 1 Dnum 2159 Snum 20","BUFFALO LAKE-HECTOR SECONDARY",0,0,0.083333333,0.166666667,0.375,654,650.2,646.5
"271","Dtype 1 Dnum 2164 Snum 1","DILWORTH ELEMENTARY",1,0,0.2,0.02,0.38,652.6,653.1,654.8
"274","Dtype 1 Dnum 2164 Snum 2","GLYNDON-FELTON ELEMENTARY",1,0,0.078947368,0.131578947,0.052631579,660.8,654.2,657.2
"277","Dtype 1 Dnum 2165 Snum 10","HINCKLEY ELEMENTARY",0,0,0.155172414,0.051724138,0.568965517,647.4,641.8,654.8
"280","Dtype 1 Dnum 2165 Snum 30","FINLAYSON ELEMENTARY",0,0,0.090909091,0.181818182,0.545454545,644.5,661.6,658.7
"283","Dtype 1 Dnum 2167 Snum 10","LAKEVIEW ELEMENTARY",0,0,0.034482759,0.034482759,0.379310345,655.7,654.1,649.4
"286","Dtype 1 Dnum 2168 Snum 10","NRHEG ELEMENTARY",0,0,0.014285714,0.114285714,0.4,648.1,650,655.6
"289","Dtype 1 Dnum 2169 Snum 10","MURRAY CO. CENTRAL ELEMENTARY",0,0,0.056603774,0.150943396,0.358490566,652.7,653.5,654.7
"292","Dtype 1 Dnum 2170 Snum 50","MOTLEY-STAPLES MIDDLE",1,0,0.047619048,0.142857143,0.583333333,650.1,647.1,652.4
"295","Dtype 1 Dnum 2171 Snum 15","KITTSON CENTRAL ELEMENTARY",0,0,0.210526316,0.210526316,0.315789474,659.8,661.1,658.1
"298","Dtype 1 Dnum 2172 Snum 40","KENYON-WANAMINGO MIDDLE",0,0,0.063492063,0.047619048,0.253968254,653.2,649.3,660.6
"301","Dtype 1 Dnum 2174 Snum 10","PINE RIVER-BACKUS ELEMENTARY",0,0,0.083333333,0.3,0.716666667,651.8,648.5,649.8
"304","Dtype 1 Dnum 2176 Snum 10","WARREN ELEMENTARY",0,0,0.0625,0.09375,0.34375,654.4,653.4,654.5
"307","Dtype 1 Dnum 2180 Snum 10","M.A.C.C.R.A.Y. EAST ELEMENTARY",0,0,0.133333333,0.433333333,0.433333333,656.4,657,655.2
"310","Dtype 1 Dnum 2180 Snum 2","M.A.C.C.R.A.Y. WEST ELEMENTARY",0,0,0,0.214285714,0.464285714,653.4,663.9,658.9
"313","Dtype 1 Dnum 2184 Snum 3","LUVERNE MIDDLE",1,0,0.076086957,0.130434783,0.402173913,653.9,650.8,653.4
"316","Dtype 1 Dnum 2190 Snum 10","BERT RANEY ELEMENTARY",0,0,0.152173913,0.260869565,0.304347826,655.1,653.8,652.2
"319","Dtype 1 Dnum 2198 Snum 30","FILLMORE CENTRAL MIDDLE",0,0,0.027777778,0.055555556,0.25,644.6,649.1,657.5
"322","Dtype 1 Dnum 22 Snum 4","DETROIT LAKES MIDDLE",1,0,0.180904523,0.190954774,0.417085427,651.5,651.4,649.6
"325","Dtype 1 Dnum 2215 Snum 10","NORMAN COUNTY EAST ELEMENTARY",0,0,0.12,0.12,0.68,650.7,660.5,659.3
"328","Dtype 1 Dnum 227 Snum 2","CHATFIELD ELEMENTARY SCHOOL",0,0,0.039473684,0.065789474,0.184210526,653.8,651.5,652.9
"331","Dtype 1 Dnum 229 Snum 10","LANESBORO ELEMENTARY",0,0,0,0.047619048,0.333333333,656.6,658.1,658.8
"334","Dtype 1 Dnum 23 Snum 10","FRAZEE ELEMENTARY",0,0,0.103896104,0.207792208,0.61038961,654.3,660.3,667.2
"337","Dtype 1 Dnum 2310 Snum 1","SIBLEY EAST-ARLINGTON ELEMENTARY",0,0,0.097560976,0.146341463,0.317073171,651.8,654,654.9
"340","Dtype 1 Dnum 2310 Snum 10","SIBLEY EAST-GAYLORD ELEMENTARY",0,0,0.189189189,0.108108108,0.324324324,650,650.9,658.6
"343","Dtype 1 Dnum 2311 Snum 10","CLEARBROOK-GONVICK ELEMENTARY",0,0,0.179487179,0.128205128,0.461538462,649.7,645,654.3
"346","Dtype 1 Dnum 2342 Snum 4","WCA 5-6 ELEMENTARY",0,0,0.020833333,0.104166667,0.416666667,NA,NA,658.2
"347","Dtype 1 Dnum 2358 Snum 10","KARLSTAD ELEMENTARY",0,0,0,0.181818182,0.454545455,652.5,652.3,654.4
"350","Dtype 1 Dnum 2364 Snum 1","BELGRADE-BROOTEN-ELROSA ELEMENTARY",0,0,0.020833333,0.145833333,0.5,666.6,657.2,661.7
"353","Dtype 1 Dnum 2365 Snum 2","G.F.W. MID.",0,0,0.224489796,0.102040816,0.306122449,652,649.4,653.5
"356","Dtype 1 Dnum 238 Snum 1","MABEL-CANTON ELEMENTARY",0,0,0,0,0.294117647,657.2,656.9,657
"359","Dtype 1 Dnum 239 Snum 3","RUSHFORD-PETERSON MIDDLE",0,0,0.022222222,0.133333333,0.488888889,652.8,654.9,660.9
"362","Dtype 1 Dnum 2396 Snum 150","ACGC ELEMENTARY GRADES 5 AND 6",0,0,0.016666667,0.133333333,0.483333333,652.3,647.5,655.4
"365","Dtype 1 Dnum 2397 Snum 20","LESUEUR-HENDERSON MIDDLE/HIGH SCHL.",1,0,0.186666667,0.093333333,0.4,648.9,647,651.1
"368","Dtype 1 Dnum 241 Snum 110","HALVERSON ELEMENTARY",1,0,0.272727273,0.181818182,0.5,653.4,659.1,657.4
"371","Dtype 1 Dnum 241 Snum 120","HAWTHORNE ELEMENTARY",1,0,0.230769231,0.134615385,0.461538462,651,654.2,653.6
"374","Dtype 1 Dnum 241 Snum 130","LAKEVIEW ELEMENTARY",1,0,0.138461538,0.169230769,0.415384615,650.9,654.3,654.5
"377","Dtype 1 Dnum 241 Snum 140","SIBLEY ELEMENTARY",1,0,0.134615385,0.076923077,0.519230769,659.5,655.9,655.8
"380","Dtype 1 Dnum 242 Snum 2","ALDEN-CONGER ELEMENTARY",0,0,0.027777778,0.055555556,0.416666667,648.2,641.6,653.3
"383","Dtype 1 Dnum 2448 Snum 15","TRIMONT ELEMENTARY",0,0,0,0.132075472,0.377358491,654.1,651.2,657
"386","Dtype 1 Dnum 252 Snum 2","CANNON FALLS SEC.",1,0,0.077777778,0.088888889,0.222222222,650.8,654.9,656.4
"389","Dtype 1 Dnum 2527 Snum 1","NORMAN COUNTY  WEST ELEMENTARY",0,0,0.238095238,0.19047619,0.571428571,651.6,651.2,657.5
"392","Dtype 1 Dnum 253 Snum 1","GOODHUE ELEMENTARY",0,0,0.023255814,0.046511628,0.279069767,651.3,654.3,649.5
"395","Dtype 1 Dnum 2534 Snum 15","BOLD-BIRD ISLAND ELEMENTARY",0,0,0.102040816,0.06122449,0.387755102,650.7,654.2,654.3
"398","Dtype 1 Dnum 2536 Snum 15","GRANADA HUNTLEY EAST CHAIN ELEM.",0,0,0,0.125,0.5,658.5,NA,664
"400","Dtype 1 Dnum 255 Snum 15","PINE ISLAND MIDDLE",0,0,0.05952381,0.107142857,0.273809524,651.2,661.1,654
"403","Dtype 1 Dnum 256 Snum 109","TWIN BLUFF MIDDLE SCHOOL",1,0,0.129353234,0.104477612,0.293532338,654,652.7,656.7
"406","Dtype 1 Dnum 2580 Snum 20","EAST CENTRAL MIDDLE SECONDARY",0,0,0.157894737,0.175438596,0.543859649,646.4,643.3,648.7
"409","Dtype 1 Dnum 2609 Snum 10","WIN-E-MAC ELEMENTARY",0,0,0,0.166666667,0.472222222,659.9,661.6,662.9
"412","Dtype 1 Dnum 261 Snum 10","ASHBY ELEMENTARY",0,0,0.047619048,0.238095238,0.428571429,650.6,655.1,647.5
"415","Dtype 1 Dnum 264 Snum 1","HERMAN ELEMENTARY",0,0,0,1,1,655.5,NA,NA
"416","Dtype 1 Dnum 2683 Snum 21","GREENBUSH-MIDDLE RIVER JUNIOR HIGH",0,0,0.026315789,0.157894737,0.526315789,652.8,653.9,656.8
"419","Dtype 1 Dnum 2687 Snum 86","HOWARD LAKE MIDDLE",0,0,0.036363636,0.127272727,0.4,658.1,653.6,654.8
"422","Dtype 1 Dnum 2689 Snum 7","PIPESTONE MIDDLE",1,0,0.1125,0.1125,0.425,657.2,653.2,658.3
"425","Dtype 1 Dnum 270 Snum 561","ALICE SMITH ELEMENTARY",1,0,0.410958904,0.150684932,0.301369863,655.8,658.5,656.7
"428","Dtype 1 Dnum 270 Snum 563","GLEN LAKE ELEMENTARY",1,0,0.214285714,0.119047619,0.202380952,663.8,662.2,660.5
"431","Dtype 1 Dnum 270 Snum 566","EISENHOWER ELEMENTARY",1,0,0.420454545,0.079545455,0.477272727,660,651,654.1
"434","Dtype 1 Dnum 270 Snum 567","L.H. TANGLEN ELEMENTARY",1,0,0.356321839,0.068965517,0.367816092,654.7,655.9,658.7
"437","Dtype 1 Dnum 270 Snum 569","GATEWOOD ELEMENTARY",1,0,0.285714286,0.142857143,0.363636364,656.8,660.9,659
"440","Dtype 1 Dnum 270 Snum 570","MEADOWBROOK ELEMENTARY",1,0,0.333333333,0.055555556,0.222222222,661,661,661.5
"443","Dtype 1 Dnum 271 Snum 13","OAK GROVE MIDDLE",1,0,0.345833333,0.120833333,0.308333333,656.1,656.2,658
"446","Dtype 1 Dnum 271 Snum 345","VALLEY VIEW MIDDLE",1,0,0.625,0.14,0.63,645.5,645.8,646.2
"449","Dtype 1 Dnum 271 Snum 346","OLSON MIDDLE",1,0,0.288702929,0.154811715,0.259414226,660.3,660.6,660.6
"452","Dtype 1 Dnum 2711 Snum 10","MESABI EAST ELEMENTARY",0,0,0.042253521,0.183098592,0.450704225,654.9,652.8,649.3
"455","Dtype 1 Dnum 272 Snum 880","OAK POINT INTERMEDIATE ELEMENTARY.",1,0,0.203957382,0.106544901,0.149162861,659.1,658.7,660.3
"458","Dtype 1 Dnum 273 Snum 19","SOUTH VIEW MIDDLE",1,0,0.129692833,0.119453925,0.075085324,660.7,656.9,660.6
"461","Dtype 1 Dnum 273 Snum 20","VALLEY VIEW MIDDLE",1,0,0.1197411,0.103559871,0.051779935,661.8,663.1,663
"464","Dtype 1 Dnum 2752 Snum 50","FIVE LAKES ELELMENTARY",1,0,0.062992126,0.094488189,0.417322835,653.7,654.8,654.3
"467","Dtype 1 Dnum 2753 Snum 12","LONG PRAIRIE MIDDLE",1,0,0.293103448,0.086206897,0.706896552,645.4,644.9,647.9
"470","Dtype 1 Dnum 2754 Snum 2","CEDAR MOUNTAIN SECONDARY",0,0,0.111111111,0.055555556,0.527777778,NA,NA,653.4
"471","Dtype 1 Dnum 2759 Snum 10","EAGLE VALLEY ELEMENTARY",0,0,0,0,0.692307692,655.2,656,661.2
"474","Dtype 1 Dnum 276 Snum 175","MINNETONKA WEST MIDDLE",1,0,0.084805654,0.109540636,0.074204947,664.6,665.2,664.2
"477","Dtype 1 Dnum 276 Snum 75","MINNETONKA EAST MIDDLE",1,0,0.112676056,0.088028169,0.102112676,659.8,661.2,663.7
"480","Dtype 1 Dnum 277 Snum 63","GRANDVIEW MIDDLE SCHOOL",0,0,0.056962025,0.14556962,0.208860759,661.9,659.7,662.9
"483","Dtype 1 Dnum 278 Snum 31","ORONO MIDDLE",1,0,0.070484581,0.079295154,0.070484581,660.5,658.5,657.8
"486","Dtype 1 Dnum 279 Snum 665","WOODLAND ELEMENTARY",0,0,0.403361345,0.084033613,0.151260504,653.4,655.5,663.5
"489","Dtype 1 Dnum 279 Snum 668","EDINBROOK ELEMENTARY",0,0,0.590909091,0.083333333,0.356060606,652.6,649.2,652.5
"492","Dtype 1 Dnum 279 Snum 669","RUSH CREEK ELEMENTARY",0,0,0.117647059,0.102941176,0.022058824,661.9,658.6,663.9
"495","Dtype 1 Dnum 279 Snum 670","BASSWOOD ELEMENTARY",0,0,0.131147541,0.098360656,0.106557377,658.6,659.7,663
"498","Dtype 1 Dnum 279 Snum 671","BIRCH GROVE SCHOOL FOR THE ARTS",0,0,0.813559322,0.101694915,0.661016949,643.9,642.6,647.3
"501","Dtype 1 Dnum 279 Snum 672","CREST VIEW ELEMENTARY",0,0,0.771428571,0.171428571,0.714285714,644,644.1,644.3
"504","Dtype 1 Dnum 279 Snum 673","WEAVER LAKE SCIENCE MATH & TECH SCH",0,0,0.466666667,0.16,0.32,650.1,654.1,660.9
"507","Dtype 1 Dnum 279 Snum 675","GARDEN CITY ELEMENTARY",0,0,0.774193548,0.225806452,0.677419355,648.9,645.5,647.8
"510","Dtype 1 Dnum 279 Snum 678","PALMER LAKE ELEMENTARY",0,0,0.755555556,0.1,0.644444444,646.9,649,647.8
"513","Dtype 1 Dnum 279 Snum 679","PARK BROOK ELEMENTARY",0,0,0.829268293,0.12195122,0.780487805,647.4,644,647.1
"516","Dtype 1 Dnum 279 Snum 681","ZANEWOOD COMMUNITY SCHOOL",0,0,0.90625,0.1875,0.875,645.6,645.5,649.6
"519","Dtype 1 Dnum 279 Snum 684","ELM CREEK ELEMENTARY",0,0,0.151898734,0.101265823,0.253164557,656.4,648.6,655.9
"522","Dtype 1 Dnum 279 Snum 685","RICE LAKE ELEMENTARY",0,0,0.277777778,0.055555556,0.277777778,649.8,653.5,649.6
"525","Dtype 1 Dnum 279 Snum 689","FERNBROOK ELEMENTARY",0,0,0.217391304,0.123188406,0.210144928,660.9,663.2,661.3
"528","Dtype 1 Dnum 279 Snum 696","OAK VIEW ELEMENTARY",0,0,0.413043478,0.18115942,0.369565217,656.1,649.1,652.8
"531","Dtype 1 Dnum 279 Snum 86","NORTH VIEW IB WORLD SCHOOL",0,0,0.782608696,0.173913043,0.565217391,NA,654.2,651.7
"533","Dtype 1 Dnum 280 Snum 37","RICHFIELD MIDDLE",1,0,0.632850242,0.101449275,0.560386473,647.1,644.7,649.6
"536","Dtype 1 Dnum 2805 Snum 20","ZUMBROTA-MAZEPPA MIDDLE",1,0,0.111111111,0.061728395,0.222222222,663,662,663.2
"539","Dtype 1 Dnum 281 Snum 40","PLYMOUTH MIDDLE",1,0,0.3325,0.135,0.34,653.2,652.5,653.8
"542","Dtype 1 Dnum 281 Snum 43","ROBBINSDALE MIDDLE",1,0,0.502525253,0.141414141,0.51010101,649.3,647.7,649.1
"545","Dtype 1 Dnum 282 Snum 50","ST. ANTHONY MIDDLE",1,0,0.275362319,0.094202899,0.195652174,656.6,657.8,658.6
"548","Dtype 1 Dnum 283 Snum 747","CEDAR MANOR ELEMENTARY",1,0,0.475,0.125,0.425,652.9,649.9,654
"551","Dtype 1 Dnum 283 Snum 755","SUSAN LINDGREN ELEMENTARY",1,0,0.336734694,0.204081633,0.306122449,651.2,650.2,653.8
"554","Dtype 1 Dnum 283 Snum 758","PARK SPANISH IMMERSION ELEMENTARY",1,0,0.28,0.04,0.106666667,667,664.3,665.3
"557","Dtype 1 Dnum 2835 Snum 1","JANESVILLE-WALDORF-PEMBERTON INT.",0,0,0.025,0.1,0.325,649.7,653.7,652
"560","Dtype 1 Dnum 284 Snum 51","WAYZATA WEST MIDDLE",1,0,0.11965812,0.05982906,0.098290598,661.9,665.7,662.4
"563","Dtype 1 Dnum 284 Snum 52","WAYZATA EAST MIDDLE",1,0,0.224409449,0.070866142,0.137795276,661.6,661.5,663
"566","Dtype 1 Dnum 284 Snum 53","WAYZATA CENTRAL MIDDLE",1,0,0.208333333,0.0625,0.100694444,663.3,663.8,663.7
"569","Dtype 1 Dnum 2853 Snum 35","LAC QUI PARLE VALLEY MIDDLE SCHOOL",0,0,0.155172414,0.137931034,0.396551724,652,652.4,656.9
"572","Dtype 1 Dnum 2854 Snum 20","BORUP ELEMENTARY",0,0,0.029411765,0.117647059,0.264705882,656.3,652.2,660.9
"575","Dtype 1 Dnum 2856 Snum 20","ARGYLE ELEMENTARY",0,0,0,0,0.208333333,649.7,662.2,659
"578","Dtype 1 Dnum 2859 Snum 30","LAKESIDE ELEMENTARY",1,0,0.1953125,0.1171875,0.390625,651,658.2,654.9
"581","Dtype 1 Dnum 286 Snum 480","EARLE BROWN ELEMENTARY",1,0,0.744360902,0.187969925,0.751879699,643.9,640.8,646.5
"584","Dtype 1 Dnum 2860 Snum 23","BLUE EARTH AREA MIDDLE",1,0,0.10989011,0.120879121,0.43956044,655.6,650.4,654.2
"587","Dtype 1 Dnum 2884 Snum 20","RED ROCK CENTRAL SECONDARY",0,0,0,0.055555556,0.444444444,650.5,656,658.4
"590","Dtype 1 Dnum 2886 Snum 100","GLENVILLE EMMONS ELEMENTARY",0,0,0,0.130434783,0.347826087,650.8,650.3,658.7
"593","Dtype 1 Dnum 2888 Snum 1","CLINTON-GRACEVILLE-BEARDSLEY EL.",0,0,0,0.052631579,0.210526316,656,657.4,657.7
"596","Dtype 1 Dnum 2889 Snum 10","LAKE PARK AUDUBON ELEMENTARY",0,0,0.023255814,0.093023256,0.441860465,654.8,653.9,653.9
"599","Dtype 1 Dnum 2890 Snum 1","RENVILLE COUNTY WEST ELEMENTARY",0,0,0.090909091,0.121212121,0.303030303,653.5,653.3,653.1
"602","Dtype 1 Dnum 2895 Snum 115","JACKSON COUNTY CENTRAL MIDDLE",1,0,0.038461538,0.205128205,0.358974359,654.7,656.2,657.7
"605","Dtype 1 Dnum 2897 Snum 3","REDWOOD VALLEY MIDDLE",0,0,0.258823529,0.129411765,0.329411765,652.3,653.3,652.8
"608","Dtype 1 Dnum 2898 Snum 15","WALNUT GROVE ELEMENTARY",0,0,0.130434783,0.130434783,0.565217391,NA,NA,668
"609","Dtype 1 Dnum 2899 Snum 20","PLAINVIEW-ELGIN-MILLVILLE 4-6",1,0,0.075471698,0.122641509,0.254716981,656.8,662.7,662.2
"612","Dtype 1 Dnum 2902 Snum 200","RTR MIDDLE SCHOOL",0,0,0.090909091,0.151515152,0.424242424,657.5,658.7,660.2
"615","Dtype 1 Dnum 2903 Snum 10","KNOLL ELEMENTARY",0,0,0.027777778,0.111111111,0.388888889,NA,NA,653.2
"616","Dtype 1 Dnum 2904 Snum 2","TRACY ELEMENTARY",0,0,0.093023256,0.139534884,0.558139535,NA,NA,661
"617","Dtype 1 Dnum 294 Snum 10","HOUSTON ELEMENTARY",0,0,0.064516129,0.129032258,0.35483871,662.4,657.6,666.1
"620","Dtype 1 Dnum 294 Snum 12","MINNESOTA VIRTUAL ACADEMY",0,0,0.074074074,0.037037037,0.185185185,648.5,646.9,651
"623","Dtype 1 Dnum 297 Snum 10","SPRING GROVE ELEMENTARY",0,0,0,0.0625,0.5625,653.9,656,656.5
"626","Dtype 1 Dnum 299 Snum 20","CALEDONIA MIDDLE",1,0,0.025641026,0.128205128,0.384615385,653.5,651.5,649.2
"629","Dtype 1 Dnum 300 Snum 50","LACRESCENT-HOKAH MIDDLE SCHOOL",0,0,0.034482759,0.137931034,0.206896552,650.5,653.4,650.1
"632","Dtype 1 Dnum 306 Snum 10","LAPORTE ELEMENTARY",0,0,0.142857143,0.357142857,0.785714286,657.5,661.1,656.5
"635","Dtype 1 Dnum 308 Snum 10","NEVIS ELEMENTARY",0,0,0.073170732,0,0.609756098,654.2,661,658.8
"638","Dtype 1 Dnum 309 Snum 80","PARK RAPIDS AREA CENTURY MIDDLE",1,0,0.108910891,0.227722772,0.504950495,649.2,649.1,650.3
"641","Dtype 1 Dnum 31 Snum 15","BEMIDJI MIDDLE",1,0,0.238227147,0.099722992,0.542936288,648.6,646.4,654
"644","Dtype 1 Dnum 314 Snum 2","BRAHAM ELEMENTARY",0,0,0.023809524,0.095238095,0.476190476,652.9,650.3,654.5
"647","Dtype 1 Dnum 316 Snum 210","CONNOR-JASPER MIDDLE",0,0,0.094594595,0.054054054,0.486486486,649.2,656.3,656.7
"650","Dtype 1 Dnum 317 Snum 4","KING ELEMENTARY",0,0,0.403508772,0.192982456,0.596491228,653.7,658.8,655.8
"653","Dtype 1 Dnum 318 Snum 115","BIGFORK ELEMENTARY",1,0,0.2,0.133333333,0.333333333,652.6,651.4,654.3
"656","Dtype 1 Dnum 318 Snum 370","ROBERT J. ELKINGTON MIDDLE SCHOOL",1,0,0.077490775,0.110701107,0.391143911,650.2,652.5,653.1
"659","Dtype 1 Dnum 319 Snum 20","KEEWATIN ELEMENTARY",0,0,0.02,0.08,0.58,649.9,651.8,645.3
"662","Dtype 1 Dnum 32 Snum 10","BLACKDUCK ELEMENTARY",0,0,0.130434783,0.173913043,0.52173913,650.7,658.7,658.1
"665","Dtype 1 Dnum 330 Snum 10","HERON LAKE-OKABENA ELEMENTARY",0,0,0.222222222,0.333333333,0.388888889,651,655.9,646.2
"668","Dtype 1 Dnum 332 Snum 30","TRAILVIEW ELEMENTARY",1,0,0.067226891,0.134453782,0.462184874,655.6,649.1,653.8
"671","Dtype 1 Dnum 333 Snum 10","OGILVIE ELEMENTARY",0,0,0,0.181818182,0.568181818,642.4,646.1,657.3
"674","Dtype 1 Dnum 345 Snum 20","NEW LONDON-SPICER MIDDLE",0,0,0.087912088,0.10989011,0.274725275,653.3,652.8,655.9
"677","Dtype 1 Dnum 347 Snum 301","WILLMAR MIDDLE SCHOOL",0,0,0.342205323,0.102661597,0.490494297,NA,NA,650.9
"678","Dtype 1 Dnum 356 Snum 10","LANCASTER ELEMENTARY",0,0,0.05,0.15,0.55,658.8,661.9,659.9
"681","Dtype 1 Dnum 36 Snum 10","KELLIHER ELEMENTARY",0,0,0.277777778,0.111111111,0.777777778,NA,NA,655.2
"682","Dtype 1 Dnum 361 Snum 7","FALLS ELEMENTARY",1,0,0.112359551,0.101123596,0.370786517,649.5,649.2,654.7
"685","Dtype 1 Dnum 362 Snum 20","LITTLEFORK-BIG FALLS ELEMENTARY",0,0,0.083333333,0.25,0.458333333,666.6,661.7,660.8
"688","Dtype 1 Dnum 363 Snum 80","NORTHOME ELEMENTARY",0,0,0.071428571,0.142857143,0.428571429,652,657.5,655.1
"691","Dtype 1 Dnum 363 Snum 90","INDUS ELEMENTARY",0,0,0.083333333,0.333333333,0.583333333,NA,649.6,651.3
"693","Dtype 1 Dnum 378 Snum 10","STEVENS ELEMENTARY",0,0,0.060606061,0.212121212,0.515151515,653.1,655.7,652.6
"696","Dtype 1 Dnum 38 Snum 20","PONEMAH ELEMENTARY",0,0,0,0.125,0.9375,633.8,639.4,640.8
"699","Dtype 1 Dnum 38 Snum 40","RED LAKE MIDDLE",0,0,0,0.119402985,0.910447761,636.2,636.4,635.7
"702","Dtype 1 Dnum 381 Snum 200","TWO HARBORS SECONDARY",1,0,0.036363636,0.072727273,0.236363636,650.3,650.2,658
"705","Dtype 1 Dnum 381 Snum 30","WILLIAM KELLEY ELEMENTARY",1,0,0.090909091,0.181818182,0.515151515,648.6,653.7,654.7
"708","Dtype 1 Dnum 390 Snum 224","LAKE OF THE WOODS ELEMENTARY",0,0,0.115384615,0.076923077,0.576923077,655.7,659.3,656.9
"711","Dtype 1 Dnum 391 Snum 10","CLEVELAND ELEMENTARY",0,0,0.035714286,0.107142857,0.357142857,652.3,650.7,657.4
"714","Dtype 1 Dnum 392 Snum 10","LECENTER ELEMENTARY",0,0,0.24,0.04,0.26,653.2,651.8,656
"717","Dtype 1 Dnum 394 Snum 10","MONTGOMERY-LONSDALE INT. ELEMENTARY",1,0,0.086419753,0.111111111,0.283950617,651.8,656.5,658.3
"720","Dtype 1 Dnum 4 Snum 10","MCGREGOR ELEMENTARY",0,0,0.142857143,0.19047619,0.952380952,657.4,655.1,649.3
"723","Dtype 1 Dnum 402 Snum 10","LINCOLN ELEMENTARY",0,0,0,0.25,0.625,648.4,661.8,666.2
"726","Dtype 1 Dnum 404 Snum 10","LAKE BENTON ELEMENTARY",0,0,0,0.166666667,0.666666667,656.8,650.8,NA
"728","Dtype 1 Dnum 413 Snum 6","MARSHALL MIDDLE SCHOOL",1,0,0.125925926,0.096296296,0.266666667,654.1,659.8,655.9
"731","Dtype 1 Dnum 414 Snum 1","MINNEOTA ELEMENTARY",0,0,0.083333333,0.208333333,0.458333333,639.1,648.1,651.5
"734","Dtype 1 Dnum 415 Snum 10","LYND ELEMENTARY",0,0,0.4,0.2,0.6,NA,NA,638.7
"735","Dtype 1 Dnum 423 Snum 20","HUTCHINSON MIDDLE",1,0,0.051813472,0.088082902,0.300518135,652.9,657.8,660.6
"738","Dtype 1 Dnum 424 Snum 10","LESTER PRAIRIE ELEMENTARY",0,0,0.1,0.2,0.433333333,651.8,653.4,658.5
"741","Dtype 1 Dnum 432 Snum 10","MAHNOMEN ELEMENTARY",0,0,0.578947368,0.131578947,0.605263158,649.3,647.8,649.7
"744","Dtype 1 Dnum 435 Snum 10","WAUBUN ELEMENTARY",0,0,0.789473684,0.140350877,0.561403509,645.4,641.5,646.4
"747","Dtype 1 Dnum 441 Snum 10","NEWFOLDEN ELEMENTARY",0,0,0,0.125,0.34375,648.3,651.4,656.4
"750","Dtype 1 Dnum 447 Snum 1","GRYGLA ELEMENTARY",0,0,0.066666667,0.066666667,0.533333333,645.2,653.8,657.1
"753","Dtype 1 Dnum 458 Snum 10","TRUMAN ELEMENTARY",0,0,0.041666667,0.083333333,0.5,647.9,647.4,660.9
"756","Dtype 1 Dnum 463 Snum 10","EDEN VALLEY ELEMENTARY",0,0,0.036363636,0.090909091,0.454545455,654.6,657.8,657.8
"759","Dtype 1 Dnum 465 Snum 30","LITCHFIELD MIDDLE",0,0,0.121428571,0.1,0.442857143,654.4,656.1,658.9
"762","Dtype 1 Dnum 466 Snum 4","DASSEL-COKATO MIDDLE",0,0,0.01183432,0.065088757,0.355029586,655.9,658.2,656.5
"765","Dtype 1 Dnum 47 Snum 9","SAUK RAPIDS-RICE MIDDLE SCHOOL",1,0,0.082142857,0.164285714,0.389285714,649.8,651,654
"768","Dtype 1 Dnum 473 Snum 10","ISLE ELEMENTARY",0,0,0.06122449,0.102040816,0.632653061,653.7,656.9,653.4
"771","Dtype 1 Dnum 477 Snum 20","PRINCETON MIDDLE",1,0,0.025641026,0.131868132,0.293040293,649.7,648.3,652.5
"774","Dtype 1 Dnum 480 Snum 10","ONAMIA ELEMENTARY",0,0,0.340425532,0.14893617,0.70212766,644.5,646.2,649.6
"777","Dtype 1 Dnum 482 Snum 200","COMMUNITY MIDDLE",1,0,0.035502959,0.100591716,0.449704142,647.6,646.1,650.1
"780","Dtype 1 Dnum 484 Snum 20","PIONEER ELEMENTARY",0,0,0.015151515,0.121212121,0.53030303,653.6,655.2,656.9
"783","Dtype 1 Dnum 485 Snum 10","ROYALTON ELEMENTARY",0,0,0,0.102941176,0.426470588,667.6,662.4,659.1
"786","Dtype 1 Dnum 486 Snum 10","SWANVILLE ELEMENTARY",0,0,0,0.148148148,0.703703704,649.7,648.5,650.3
"789","Dtype 1 Dnum 487 Snum 10","UPSALA ELEMENTARY",0,0,0,0.038461538,0.346153846,653.3,661,664
"792","Dtype 1 Dnum 492 Snum 150","AUSTIN AREA LEARNING CENTER",1,0,0.117647059,0,0.764705882,635.1,638.8,641.1
"795","Dtype 1 Dnum 492 Snum 300","ELLIS MIDDLE",1,0,0.241635688,0.085501859,0.449814126,652.2,651.4,655
"798","Dtype 1 Dnum 495 Snum 20","GRAND MEADOW MIDDLE",0,0,0.04,0.08,0.24,652.4,650.9,652.9
"801","Dtype 1 Dnum 497 Snum 20","LYLE SECONDARY",0,0,0.066666667,0.2,0.666666667,657,651.8,664.7
"804","Dtype 1 Dnum 499 Snum 15","LEROY ELEMENTARY",0,0,0,0.2,0.6,649.2,NA,652.1
"806","Dtype 1 Dnum 500 Snum 50","SOUTHLAND MIDDLE",0,0,0,0.135135135,0.297297297,654.9,655.7,656.9
"809","Dtype 1 Dnum 505 Snum 10","FULDA ELEMENTARY",0,0,0.052631579,0.157894737,0.684210526,647.3,654,651.3
"812","Dtype 1 Dnum 507 Snum 10","NICOLLET ELEMENTARY",0,0,0,0.19047619,0.285714286,651.9,661.1,661.5
"815","Dtype 1 Dnum 508 Snum 30","NORTH INTERMEDIATE ELEMENTARY",1,0,0.078947368,0.201754386,0.333333333,651.9,654.6,656.9
"818","Dtype 1 Dnum 51 Snum 30","FOLEY INTERMEDIATE ELEMENTARY",0,0,0.027027027,0.144144144,0.387387387,650.9,653.2,654.1
"821","Dtype 1 Dnum 511 Snum 15","ADRIAN MIDDLE",0,0,0.055555556,0.138888889,0.444444444,649.7,651,658.2
"824","Dtype 1 Dnum 513 Snum 10","BREWSTER ELEMENTARY",0,0,0.076923077,0.230769231,0.576923077,643.2,645.5,650.6
"827","Dtype 1 Dnum 514 Snum 10","ELLSWORTH ELEMENTARY",0,0,0.1,0.2,0.4,649.4,NA,660.9
"829","Dtype 1 Dnum 518 Snum 4","WORTHINGTON MIDDLE",1,0,0.541353383,0.127819549,0.578947368,645.9,646.4,646.7
"832","Dtype 1 Dnum 531 Snum 30","BYRON MIDDLE SCHOOL",0,0,0.038167939,0.076335878,0.152671756,655.7,656.1,660.3
"835","Dtype 1 Dnum 533 Snum 25","DOVER-EYOTA MIDDLE SCHOOL",0,0,0.011235955,0.04494382,0.235955056,NA,NA,659
"836","Dtype 1 Dnum 534 Snum 20","STEWARTVILLE MIDDLE",1,0,0.032051282,0.083333333,0.237179487,653.7,656.9,657
"839","Dtype 1 Dnum 535 Snum 138","LINCOLN K-8 CHOICE ELEMENTARY",1,0,0.125,0.09375,0.25,664.5,657.6,659.7
"842","Dtype 1 Dnum 535 Snum 325","JOHN ADAMS MIDDLE",1,0,0.232081911,0.092150171,0.290102389,657.1,657.5,658
"845","Dtype 1 Dnum 535 Snum 330","WILLOW CREEK MIDDLE",1,0,0.157342657,0.059440559,0.248251748,657.4,657.5,658.4
"848","Dtype 1 Dnum 535 Snum 335","KELLOGG MIDDLE",1,0,0.192592593,0.096296296,0.248148148,660.7,659.1,660.6
"851","Dtype 1 Dnum 535 Snum 340","FRIEDELL MIDDLE",1,0,0.363636364,0.125874126,0.286713287,661.1,660.9,661.1
"854","Dtype 1 Dnum 542 Snum 10","BATTLE LAKE ELEMENTARY",0,0,0.068181818,0.045454545,0.340909091,657.2,659.2,664.9
"857","Dtype 1 Dnum 544 Snum 340","IQ ACADEMY MINNESOTA",1,0,0.227272727,0.045454545,0.090909091,NA,637.9,643.7
"859","Dtype 1 Dnum 544 Snum 390","KENNEDY SECONDARY SCHOOL",1,0,0.08125,0.15,0.2875,NA,NA,653.3
"860","Dtype 1 Dnum 545 Snum 10","HENNING ELEMENTARY",0,0,0,0.15625,0.4375,652.5,653.3,657
"863","Dtype 1 Dnum 547 Snum 10","PARKERS PRAIRIE ELEMENTARY",0,0,0.022727273,0.113636364,0.340909091,651.9,651.8,656.8
"866","Dtype 1 Dnum 548 Snum 10","VIKING ELEMENTARY SCHOOL",0,0,0.453333333,0.2,0.293333333,652.3,649.2,647.7
"869","Dtype 1 Dnum 549 Snum 20","PRAIRIE WIND MIDDLE",0,0,0.046296296,0.101851852,0.453703704,659.6,654.9,658.4
"872","Dtype 1 Dnum 550 Snum 10","UNDERWOOD ELEMENTARY",0,0,0.037735849,0.169811321,0.622641509,650,653.1,649.7
"875","Dtype 1 Dnum 553 Snum 10","NEW YORK MILLS ELEMENTARY",0,0,0.02,0.14,0.52,653.7,657.6,652.7
"878","Dtype 1 Dnum 561 Snum 10","GOODRIDGE ELEMENTARY",0,0,0.2,0.3,0.4,651.4,645.7,644.9
"881","Dtype 1 Dnum 564 Snum 60","FRANKLIN MIDDLE",0,0,0.111111111,0.137254902,0.385620915,655.2,655.4,658.2
"884","Dtype 1 Dnum 577 Snum 30","WILLOW RIVER ELEMENTARY",0,0,0,0,0.482758621,648.8,647.5,657.2
"887","Dtype 1 Dnum 578 Snum 10","PINE CITY ELEMENTARY",1,0,0.070866142,0.094488189,0.440944882,653.3,655.9,656.2
"890","Dtype 1 Dnum 581 Snum 20","EDGERTON ELEMENTARY",0,0,0.047619048,0.238095238,0.285714286,649.8,648.5,651.6
"893","Dtype 1 Dnum 593 Snum 80","HIGHLAND ELEMENTARY",1,0,0.227848101,0.151898734,0.35443038,647,648.9,656.7
"896","Dtype 1 Dnum 595 Snum 310","CENTRAL MIDDLE",1,0,0.125,0.118055556,0.333333333,649.4,647.8,651.7
"899","Dtype 1 Dnum 599 Snum 10","FERTILE-BELTRAMI ELEMENTARY",0,0,0.081081081,0.189189189,0.351351351,651.4,657.3,657.1
"902","Dtype 1 Dnum 600 Snum 1","FISHER ELEMENTARY",0,0,0.058823529,0.176470588,0.235294118,658,658.5,657.9
"905","Dtype 1 Dnum 601 Snum 10","MAGELSSEN ELEMENTARY",0,0,0.098039216,0.098039216,0.431372549,652.1,656.2,659.5
"908","Dtype 1 Dnum 611 Snum 10","CYRUS TECHNOLOGY ELEMENTARY",0,0,0.071428571,0.214285714,0.428571429,NA,NA,656.8
"909","Dtype 1 Dnum 621 Snum 66","EDGEWOOD MIDDLE",1,0,0.278481013,0.164556962,0.46835443,655.4,651.6,656.3
"912","Dtype 1 Dnum 621 Snum 67","HIGHVIEW MIDDLE",1,0,0.281690141,0.070422535,0.328638498,657.7,654.1,660
"915","Dtype 1 Dnum 621 Snum 70","CHIPPEWA MIDDLE",1,0,0.153571429,0.064285714,0.153571429,663,665,664.8
"918","Dtype 1 Dnum 622 Snum 54","SKYVIEW COMMUNITY MIDDLE",1,0,0.309236948,0.120481928,0.265060241,654.3,653.5,659
"921","Dtype 1 Dnum 622 Snum 55","JOHN GLENN MIDDLE",1,0,0.427350427,0.145299145,0.435897436,648,652.1,651.4
"924","Dtype 1 Dnum 622 Snum 56","MAPLEWOOD MIDDLE",1,0,0.230769231,0.140271493,0.325791855,651.7,652.8,655.3
"927","Dtype 1 Dnum 623 Snum 721","BRIMHALL ELEMENTARY",1,0,0.414634146,0.109756098,0.414634146,657.4,659.7,659.6
"930","Dtype 1 Dnum 623 Snum 722","CENTRAL PARK ELEMENTARY",1,0,0.548387097,0.177419355,0.64516129,651.8,647.6,653.4
"933","Dtype 1 Dnum 623 Snum 723","EDGERTON ELEMENTARY",1,0,0.276595745,0.127659574,0.425531915,651.3,659.7,658.6
"936","Dtype 1 Dnum 623 Snum 724","FALCON HEIGHTS ELEMENTARY",1,0,0.214285714,0.071428571,0.214285714,657.8,659,665.2
"939","Dtype 1 Dnum 623 Snum 728","LITTLE CANADA ELEMENTARY",1,0,0.48,0.2,0.46,651.9,653.4,654.6
"942","Dtype 1 Dnum 623 Snum 73","PARKVIEW CENTER SCHOOL",1,0,0.195121951,0.073170732,0.097560976,661.7,662.1,667
"945","Dtype 1 Dnum 623 Snum 731","WILLIAMS ELEMENTARY",1,0,0.254545455,0.181818182,0.4,657.1,657.6,656.7
"948","Dtype 1 Dnum 624 Snum 57","CENTRAL MIDDLE",1,0,0.13622291,0.07120743,0.219814241,654.2,653.5,654.9
"951","Dtype 1 Dnum 624 Snum 59","SUNRISE PARK MIDDLE",1,0,0.137168142,0.10619469,0.32300885,653.7,654.3,654.5
"954","Dtype 1 Dnum 625 Snum 150","BENJ. E. MAYS MAGNET/RONDO",1,0,0.976744186,0.162790698,0.930232558,655.4,650,649.1
"957","Dtype 1 Dnum 625 Snum 315","FARNSWORTH AEROSPACE UPPER",1,0,0.863636364,0.125,0.852272727,NA,654.9,658.4
"959","Dtype 1 Dnum 625 Snum 410","ADAMS MAGNET ELEMENTARY",1,0,0.671052632,0.105263158,0.447368421,654,651.5,650
"962","Dtype 1 Dnum 625 Snum 413","AMES ELEMENTARY",1,0,0.928571429,0.214285714,0.964285714,652.8,642.1,648.1
"965","Dtype 1 Dnum 625 Snum 415","JOHN A.JOHNSON ACHIEVEMENT PLUS EL.",1,0,0.80952381,0.214285714,0.952380952,647.5,651.2,642.9
"968","Dtype 1 Dnum 625 Snum 422","BATTLE CREEK MAGNET ELEMENTARY",1,0,0.841463415,0.12195122,0.780487805,655.4,649.5,654.3
"971","Dtype 1 Dnum 625 Snum 425","CHELSEA HEIGHTS ELEMENTARY",1,0,0.509433962,0.264150943,0.433962264,650.5,652.6,652.2
"974","Dtype 1 Dnum 625 Snum 428","CHEROKEE HEIGHTS MAGNET ELEMENTARY",1,0,0.958333333,0.125,0.916666667,644.9,634,648
"977","Dtype 1 Dnum 625 Snum 431","COMO PARK ELEMENTARY",1,0,0.86,0.22,0.92,652.3,648.8,651.9
"980","Dtype 1 Dnum 625 Snum 432","COMO SPECIAL/HARTZELL",1,0,0.666666667,1,0.666666667,628.5,NA,NA
"981","Dtype 1 Dnum 625 Snum 433","DAYTONS BLUFF ELEMENTARY",1,0,0.833333333,0.066666667,0.933333333,648.9,650.3,656.7
"984","Dtype 1 Dnum 625 Snum 435","EXPO/HARRIET BISHOP CENTER",1,0,0.483870968,0.139784946,0.537634409,653,651.7,655.8
"987","Dtype 1 Dnum 625 Snum 438","MUSEUM MAGNET/RONDO",1,0,0.872340426,0.191489362,0.70212766,647.5,651,648.1
"990","Dtype 1 Dnum 625 Snum 449","BRUCE F VENTO ELEMENTARY",1,0,0,0.142857143,0.959183673,642.6,639.5,645.7
"993","Dtype 1 Dnum 625 Snum 45","HIGHWOOD HILLS LEARNING CENTER",1,0,0.583333333,1,0.833333333,NA,621.4,625.4
"995","Dtype 1 Dnum 625 Snum 452","EASTERN HEIGHTS ELEMENTARY",1,0,0.711111111,0.288888889,0.844444444,645.3,647.7,652.4
"998","Dtype 1 Dnum 625 Snum 460","FOUR SEASONS ELEMENTARY",1,0,0.71875,0.1875,0.75,649.4,647.1,653.1
"1001","Dtype 1 Dnum 625 Snum 461","FRANKLIN MAGNET ELEMENTARY",1,0,0.93220339,0.152542373,0.949152542,652.6,649,646.4
"1004","Dtype 1 Dnum 625 Snum 462","L'ETOILE DU NORD FRENCH IMMERSION",1,0,0.466666667,0.044444444,0.266666667,658.1,666.4,660.2
"1007","Dtype 1 Dnum 625 Snum 464","FROST LAKE MAGNET ELEMENTARY",1,0,0.926829268,0.207317073,0.853658537,655.5,649.9,648.4
"1010","Dtype 1 Dnum 625 Snum 465","CROSSROADS MONTESSORI",1,0,0.6,0.12,0.48,656,649,655.5
"1013","Dtype 1 Dnum 625 Snum 466","CROSSROADS SCIENCE PROGRAM",1,0,0.648648649,0.108108108,0.72972973,651.2,655.6,655.5
"1016","Dtype 1 Dnum 625 Snum 467","GALTIER MAGNET ELEMENTARY",1,0,0.930232558,0.325581395,0.953488372,645.4,642.3,644.6
"1019","Dtype 1 Dnum 625 Snum 476","GROVELAND PARK ELEMENTARY",1,0,0.333333333,0.066666667,0.355555556,651.9,650.3,656
"1022","Dtype 1 Dnum 625 Snum 482","HANCOCK/HAMLINE MAGNET ELEMENTARY",1,0,0.918918919,0.108108108,0.945945946,644,644.6,645.7
"1025","Dtype 1 Dnum 625 Snum 488","HAYDEN HEIGHTS ELEMENTARY",1,0,0.730769231,0.192307692,0.730769231,643.3,644.7,641.5
"1028","Dtype 1 Dnum 625 Snum 491","HIGHLAND PARK ELEMENTARY",1,0,0.565217391,0.217391304,0.52173913,652.7,655.3,659
"1031","Dtype 1 Dnum 625 Snum 493","HILL MONTESSORI",1,0,0.543478261,0.152173913,0.369565217,645.8,647.8,650.4
"1034","Dtype 1 Dnum 625 Snum 494","CAPITOL HILL MAGNET/RONDO",1,0,0.341666667,0.041666667,0.25,663.9,662.8,664.7
"1037","Dtype 1 Dnum 625 Snum 496","HIGHWOOD HILLS ELEMENTARY",1,0,0.84,0.12,0.76,649.2,639.4,650.9
"1040","Dtype 1 Dnum 625 Snum 50","OPEN WORLD LEARNING COMMUNITY",1,0,0.923076923,0.076923077,0.961538462,640.4,652.6,651.7
"1043","Dtype 1 Dnum 625 Snum 500","JACKSON MAGNET ELEMENTARY",1,0,0.958333333,0.083333333,1,647.8,653.1,656.9
"1046","Dtype 1 Dnum 625 Snum 512","LONGFELLOW MAGNET ELEMENTARY",1,0,0.909090909,0.272727273,1,643.5,631.1,639
"1049","Dtype 1 Dnum 625 Snum 518","HORACE MANN SCHOOL",1,0,0.230769231,0.102564103,0.256410256,655,658.1,660.9
"1052","Dtype 1 Dnum 625 Snum 524","MAXFIELD MAGNET ELEMENTARY",1,0,0.970588235,0.117647059,0.970588235,641.7,640.3,642.1
"1055","Dtype 1 Dnum 625 Snum 527","MISSISSIPPI MAGNET ELEMENTARY",1,0,0.95890411,0.164383562,0.95890411,647.9,644,645
"1058","Dtype 1 Dnum 625 Snum 528","LINWOOD MONROE ARTS PLUS UPPER",1,0,0.643678161,0.137931034,0.67816092,647.7,652.8,656.9
"1061","Dtype 1 Dnum 625 Snum 530","WORLD CULTURES MAGNET/MNDS PRK.",1,0,0.975,0.125,0.9,651.2,643.3,649
"1064","Dtype 1 Dnum 625 Snum 533","NOKOMIS MONTESSORI/MAGNET",1,0,0.542857143,0.171428571,0.628571429,648.5,650.1,658
"1067","Dtype 1 Dnum 625 Snum 536","NORTH END ELEMENTARY",1,0,0.861111111,0.166666667,0.944444444,647.1,645.2,646.8
"1070","Dtype 1 Dnum 625 Snum 541","PHALEN HMONG STUDIES&CORE KNOWLEDGE",1,0,0.971014493,0.217391304,0.956521739,646.6,642.3,648.1
"1073","Dtype 1 Dnum 625 Snum 542","PROSPERITY HEIGHTS ELEMENTARY",1,0,0.794117647,0.176470588,0.911764706,647.7,649.1,651.6
"1076","Dtype 1 Dnum 625 Snum 545","RANDOLPH HEIGHTS ELEMENTARY",1,0,0.219512195,0.097560976,0.268292683,654.4,652.7,663.1
"1079","Dtype 1 Dnum 625 Snum 551","RIVERVIEW MAGNET ELEMENTARY",1,0,0.85,0.2,1,NA,642.7,647.5
"1081","Dtype 1 Dnum 625 Snum 552","PAUL & SHEILA WELLSTONE ELEMENTARY",1,0,0.945945946,0.351351351,0.918918919,640.8,650.9,643.9
"1084","Dtype 1 Dnum 625 Snum 554","ROOSEVELT MAGNET ELEMENTARY",1,0,0.931818182,0.113636364,0.931818182,637.1,641.9,642.7
"1087","Dtype 1 Dnum 625 Snum 557","ST. ANTHONY PARK ELEMENTARY",1,0,0.173076923,0.057692308,0.211538462,662.4,663.9,669.1
"1090","Dtype 1 Dnum 625 Snum 563","SHERIDAN ELEMENTARY",1,0,0.658536585,0.12195122,0.829268293,655,654.6,645.4
"1093","Dtype 1 Dnum 625 Snum 578","OBAMA SERVICE LEARNING ELEMENTARY",1,0,0.967391304,0.130434783,0.945652174,643.5,638.4,642.7
"1096","Dtype 1 Dnum 625 Snum 579","AMERICAN INDIAN/MOUNDS PARK",1,0,0.868421053,0.342105263,1,640.9,650,646.1
"1099","Dtype 1 Dnum 628 Snum 11","RED LAKE COUNTY CENTRAL ELEMENTARY",0,0,0.029411765,0.147058824,0.676470588,653.1,657.1,656.4
"1102","Dtype 1 Dnum 630 Snum 10","J.A. HUGHES ELEMENTARY",0,0,0.166666667,0.083333333,0.416666667,656,647.2,653.1
"1105","Dtype 1 Dnum 635 Snum 1","MILROY ELEMENTARY",0,0,0,0.2,0.2,660.2,647.4,NA
"1107","Dtype 1 Dnum 640 Snum 10","WABASSO ELEMENTARY",0,0,0,0.125,0.416666667,653.6,656.1,661.8
"1110","Dtype 1 Dnum 656 Snum 70","FARIBAULT MIDDLE",1,0,0.140425532,0.110638298,0.4,650.8,650.8,654.8
"1113","Dtype 1 Dnum 659 Snum 2","NORTHFIELD MIDDLE",1,0,0.103942652,0.121863799,0.103942652,656.5,657.2,658.6
"1116","Dtype 1 Dnum 671 Snum 10","HILLS-BEAVER CREEK ELEMENTARY",0,0,0,0.142857143,0.476190476,656.5,659,658.7
"1119","Dtype 1 Dnum 676 Snum 10","BADGER ELEMENTARY",0,0,0.074074074,0.074074074,0.62962963,654.2,650.4,652.9
"1122","Dtype 1 Dnum 682 Snum 10","ROSEAU ELEMENTARY",1,0,0,0.170454545,0.295454545,657,655.6,658.2
"1125","Dtype 1 Dnum 690 Snum 60","WARROAD UPPER ELEMENTARY (3-6)",0,0,0.208333333,0.138888889,0.430555556,NA,NA,659.3
"1126","Dtype 1 Dnum 695 Snum 301","CHISHOLM ELEMENTARY",1,0,0.086956522,0.152173913,0.47826087,651.3,649.7,650.8
"1129","Dtype 1 Dnum 696 Snum 2","WASHINGTON ELEMENTARY",1,0,0.083333333,0.111111111,0.416666667,655.1,652.5,654.8
"1132","Dtype 1 Dnum 698 Snum 10","FLOODWOOD ELEMENTARY",0,0,0,0.125,0.458333333,652.8,653.8,656.6
"1135","Dtype 1 Dnum 700 Snum 15","HERMANTOWN MIDDLE",1,0,0.069767442,0.063953488,0.127906977,655,657.1,658.9
"1138","Dtype 1 Dnum 701 Snum 310","LINCOLN ELEMENTARY",1,0,0.071428571,0.142857143,0.452380952,646.7,648.9,652.7
"1141","Dtype 1 Dnum 704 Snum 2","A.I. JEDLICKA MIDDLE SCHOOL",1,0,0.016,0.104,0.232,651.1,650.3,653.9
"1144","Dtype 1 Dnum 706 Snum 30","ROOSEVELT ELEMENTARY",1,0,0.172413793,0.086206897,0.422413793,651.2,654.1,652.6
"1147","Dtype 1 Dnum 707 Snum 1","NETT LAKE ELEMENTARY",0,0,0,0.25,0.75,NA,650.5,648.7
"1149","Dtype 1 Dnum 709 Snum 225","MORGAN PARK MIDDLE",1,0,0.260683761,0.132478632,0.679487179,650.7,644.3,644.8
"1152","Dtype 1 Dnum 709 Snum 335","WOODLAND MIDDLE",1,0,0.102564103,0.048433048,0.264957265,647.9,645.6,652.5
"1155","Dtype 1 Dnum 709 Snum 81","MERRITT CREEK ACADEMY",1,0,0.428571429,0.428571429,0.714285714,626.3,622.3,NA
"1157","Dtype 1 Dnum 712 Snum 1","MERRITT ELEMENTARY",1,0,0.023809524,0.166666667,0.523809524,652.8,655.4,654.2
"1160","Dtype 1 Dnum 716 Snum 11","OAK CREST ELEMENTARY",1,0,0.058823529,0.100840336,0.201680672,647.6,648.1,659.4
"1163","Dtype 1 Dnum 717 Snum 128","JORDAN MIDDLE",1,0,0.028571429,0.185714286,0.264285714,649.9,651.4,653.7
"1166","Dtype 1 Dnum 719 Snum 20","HIDDEN OAKS MIDDLE SCHOOL",1,0,0.089456869,0.102236422,0.102236422,656.8,653.1,660.7
"1169","Dtype 1 Dnum 719 Snum 21","TWIN OAKS MIDDLE SCHOOL",1,0,0.129032258,0.112903226,0.112903226,657.3,654.2,654.5
"1172","Dtype 1 Dnum 720 Snum 85","SHAKOPEE MIDDLE SCHOOL",1,0,0.257831325,0.103614458,0.257831325,653.9,655.2,658.7
"1175","Dtype 1 Dnum 721 Snum 111","NEW PRAGUE MIDDLE SCHOOL",1,0,0.018050542,0.097472924,0.155234657,654.2,655.5,658.5
"1178","Dtype 1 Dnum 726 Snum 30","BECKER MIDDLE",1,0,0.033898305,0.131355932,0.173728814,656.5,654.1,656.9
"1181","Dtype 1 Dnum 727 Snum 30","BIG LAKE MIDDLE SCHOOL",1,0,0.116465863,0.088353414,0.317269076,652.4,649.8,654
"1184","Dtype 1 Dnum 728 Snum 340","ROGERS MIDDLE SCHOOL",1,0,0.090643275,0.090643275,0.19005848,651.2,652.8,656
"1187","Dtype 1 Dnum 728 Snum 350","ZIMMERMAN MIDDLE",1,0,0.030120482,0.108433735,0.403614458,650.3,649.1,651.5
"1190","Dtype 1 Dnum 728 Snum 400","VANDENBERGE MIDDLE SCHOOL",1,0,0.0625,0.140625,0.177083333,653.4,652.3,658
"1193","Dtype 1 Dnum 728 Snum 410","SALK MIDDLE SCHOOL",1,0,0.114285714,0.106122449,0.183673469,654.5,654.3,658
"1196","Dtype 1 Dnum 738 Snum 1","HOLDINGFORD ELEMENTARY",0,0,0,0.115384615,0.282051282,660.1,656.6,657.1
"1199","Dtype 1 Dnum 739 Snum 10","KIMBALL ELEMENTARY",0,0,0.02173913,0.152173913,0.347826087,653.3,656.2,656
"1202","Dtype 1 Dnum 740 Snum 20","MELROSE MIDDLE",1,0,0.056338028,0.084507042,0.338028169,649.8,648.4,654.9
"1205","Dtype 1 Dnum 741 Snum 2","PAYNESVILLE MIDDLE",0,0,0.072463768,0.072463768,0.362318841,649.1,647.9,654
"1208","Dtype 1 Dnum 742 Snum 16","CLEARVIEW ELEMENTARY",0,0,0.051282051,0.076923077,0.205128205,648.2,656.8,663.3
"1211","Dtype 1 Dnum 742 Snum 25","KENNEDY COMMUNITY SCHOOL",1,0,0.037037037,0.259259259,0.37037037,650.7,656.3,658.1
"1214","Dtype 1 Dnum 742 Snum 28","LINCOLN ELEMENTARY",1,0,0.264705882,0.176470588,0.705882353,656.1,648.4,654.2
"1217","Dtype 1 Dnum 742 Snum 35","DISCOVERY COMMUNITY ELEMENTARY",1,0,0.411764706,0.294117647,0.745098039,647.9,654.9,653.8
"1220","Dtype 1 Dnum 742 Snum 36","TALAHI COMMUNITY ELEMENTARY",1,0,0.203125,0.265625,0.4375,649.7,653,655.6
"1223","Dtype 1 Dnum 742 Snum 40","WESTWOOD ELEMENTARY",1,0,0.225,0.1625,0.4375,655.2,655.3,655.9
"1226","Dtype 1 Dnum 742 Snum 51","OAK HILL COMMUNITY ELEMENTARY",1,0,0.138461538,0.130769231,0.315384615,654.7,655.2,659.4
"1229","Dtype 1 Dnum 742 Snum 52","NORTH JUNIOR HIGH",1,0,0.295918367,0.244897959,0.632653061,NA,649.5,647.3
"1231","Dtype 1 Dnum 743 Snum 10","SAUK CENTRE ELEMENTARY",1,0,0.061538462,0.123076923,0.476923077,648.4,654,653.4
"1234","Dtype 1 Dnum 745 Snum 10","ALBANY ELEMENTARY",0,0,0.028571429,0.1,0.314285714,654,657.1,655.8
"1237","Dtype 1 Dnum 745 Snum 30","AVON ELEMENTARY",0,0,0,0.020833333,0.208333333,656.2,657.5,655.5
"1240","Dtype 1 Dnum 748 Snum 50","SARTELL MIDDLE",1,0,0.021929825,0.144736842,0.118421053,657.2,658,663.7
"1243","Dtype 1 Dnum 75 Snum 10","ST. CLAIR ELEMENTARY",0,0,0.057692308,0.096153846,0.288461538,651.5,655.2,657.2
"1246","Dtype 1 Dnum 750 Snum 10","RICHMOND ELEMENTARY",0,0,0,0.074074074,0.296296296,656.4,665.6,663.4
"1249","Dtype 1 Dnum 750 Snum 20","ROCKVILLE ELEMENTARY",1,0,0.107142857,0.107142857,0.321428571,656.6,651.8,661.9
"1252","Dtype 1 Dnum 750 Snum 30","COLD SPRING ELEMENTARY",1,0,0.076923077,0.153846154,0.384615385,654.2,656.8,659.5
"1255","Dtype 1 Dnum 756 Snum 10","BLOOMING PRAIRIE ELEMENTARY",0,0,0.183673469,0.081632653,0.367346939,655.4,654.8,662
"1258","Dtype 1 Dnum 761 Snum 906","WILLOW CREEK INTR. ELEMENTARY",1,0,0.107936508,0.120634921,0.33015873,654.1,655.8,657.1
"1261","Dtype 1 Dnum 763 Snum 10","MEDFORD ELEMENTARY",0,0,0.058823529,0.078431373,0.37254902,649.7,652.7,652.1
"1264","Dtype 1 Dnum 768 Snum 10","HANCOCK ELEMENTARY",0,0,0.047619048,0.19047619,0.380952381,654.2,663.8,655.9
"1267","Dtype 1 Dnum 769 Snum 30","MORRIS AREA ELEMENTARY",1,0,0.055555556,0.166666667,0.208333333,656.4,656.6,659.1
"1270","Dtype 1 Dnum 77 Snum 210","GARFIELD ELEMENTARY",0,0,0.077777778,0.155555556,0.32962963,655.6,656.6,658.4
"1273","Dtype 1 Dnum 77 Snum 60","BRIDGES COMMUNITY ELEMENTARY",1,0,0.095238095,0.19047619,0.19047619,665.6,664.6,659.7
"1276","Dtype 1 Dnum 77 Snum 90","FRANKLIN ELEMENTARY",1,0,0.155339806,0.169902913,0.422330097,651.9,653.1,654.4
"1279","Dtype 1 Dnum 771 Snum 3","CHOKIO-ALBERTA ELEMENTARY",0,0,0,0.111111111,0.333333333,654,655.5,659.4
"1282","Dtype 1 Dnum 775 Snum 30","MURDOCK ELEMENTARY",0,0,0.102040816,0.224489796,0.428571429,655.7,659.2,656.8
"1285","Dtype 1 Dnum 777 Snum 103","NORTHSIDE ELEMENTARY",1,0,0.031746032,0.158730159,0.365079365,653.5,651,658.6
"1288","Dtype 1 Dnum 786 Snum 10","BERTHA ELEMENTARY",0,0,0.060606061,0.303030303,0.666666667,652.9,649.8,649.2
"1291","Dtype 1 Dnum 787 Snum 10","BROWERVILLE ELEMENTARY",0,0,0,0.085714286,0.514285714,658.1,648.1,653.1
"1294","Dtype 1 Dnum 801 Snum 20","BROWNS VALLEY MIDDLE",0,0,0.444444444,0.111111111,0.555555556,655.1,653.4,NA
"1296","Dtype 1 Dnum 803 Snum 2","WHEATON SECONDARY",0,0,0.076923077,0.153846154,0.269230769,657.8,662.8,663.7
"1299","Dtype 1 Dnum 81 Snum 10","COMFREY ELEMENTARY",0,0,0.111111111,0.333333333,0.444444444,654.5,NA,NA
"1300","Dtype 1 Dnum 811 Snum 30","WABASHA-KELLOGG ELEMENTARY",0,0,0,0.073170732,0.487804878,662.7,662.9,666
"1303","Dtype 1 Dnum 813 Snum 10","BLUFF VIEW ELEMENTARY",1,0,0.074468085,0.074468085,0.329787234,657.3,650.5,652.6
"1306","Dtype 1 Dnum 818 Snum 10","VERNDALE ELEMENTARY",0,0,0,0.233333333,0.766666667,646,652.9,654.2
"1309","Dtype 1 Dnum 820 Snum 1","SEBEKA ELEMENTARY",0,0,0.027027027,0.216216216,0.675675676,650.1,648,648.3
"1312","Dtype 1 Dnum 821 Snum 10","MENAHGA ELEMENTARY",0,0,0.036363636,0.145454545,0.581818182,652,652.4,652.2
"1315","Dtype 1 Dnum 829 Snum 40","WASECA INTERMEDIATE ELEMENTARY",1,0,0.112676056,0.063380282,0.338028169,659.1,663.3,660.5
"1318","Dtype 1 Dnum 831 Snum 625","COLUMBUS ELEMENTARY",1,0,0.117647059,0.029411765,0.205882353,659.9,657.1,662.3
"1321","Dtype 1 Dnum 831 Snum 626","FOREST LAKE ELEMENTARY",1,0,0.189655172,0.137931034,0.413793103,650.3,653.9,655.9
"1324","Dtype 1 Dnum 831 Snum 627","FOREST VIEW EL.",1,0,0.024096386,0.084337349,0.325301205,653,656.7,655.2
"1327","Dtype 1 Dnum 831 Snum 628","LINO LAKES EL.",1,0,0.227272727,0.068181818,0.318181818,652.9,655.6,660.1
"1330","Dtype 1 Dnum 831 Snum 629","LINWOOD EL.",1,0,0.040540541,0.121621622,0.297297297,645.6,651.2,656.4
"1333","Dtype 1 Dnum 831 Snum 630","SCANDIA EL.",0,0,0,0.090909091,0.090909091,656.6,661.9,667.8
"1336","Dtype 1 Dnum 831 Snum 631","WYOMING EL.",1,0,0.013333333,0.106666667,0.213333333,655.5,657,661.4
"1339","Dtype 1 Dnum 831 Snum 633","CENTRAL MONTESSORI  ELEMENTARY",1,0,0.166666667,0,0.166666667,650.7,655.1,NA
"1341","Dtype 1 Dnum 832 Snum 30","MAHTOMEDI MIDDLE",1,0,0.059055118,0.078740157,0.082677165,662.4,662.6,663
"1344","Dtype 1 Dnum 833 Snum 20","COTTAGE GROVE MIDDLE SCHOOL",1,0,0.183544304,0.132911392,0.170886076,NA,653.8,656.9
"1346","Dtype 1 Dnum 833 Snum 21","LAKE MIDDLE SCHOOL",1,0,0.195928753,0.089058524,0.053435115,658.9,658.6,660.2
"1349","Dtype 1 Dnum 833 Snum 22","OLTMAN MIDDLE SCHOOL",1,0,0.138075314,0.117154812,0.276150628,NA,NA,650.3
"1350","Dtype 1 Dnum 833 Snum 28","WOODBURY MIDDLE SCHOOL",1,0,0.214521452,0.075907591,0.165016502,NA,NA,659.9
"1351","Dtype 1 Dnum 834 Snum 785","AFTON-LAKELAND ELEMENTARY",0,0,0.095238095,0.158730159,0.253968254,655.5,658.8,661.6
"1354","Dtype 1 Dnum 834 Snum 786","ANDERSEN ELEMENTARY",1,0,0.054545455,0.054545455,0.163636364,660,656.6,658.4
"1357","Dtype 1 Dnum 834 Snum 787","LAKE ELMO ELEMENTARY",1,0,0.154761905,0.083333333,0.19047619,660.5,655.7,656.9
"1360","Dtype 1 Dnum 834 Snum 788","LILY LAKE ELEMENTARY",1,0,0.048192771,0.108433735,0.228915663,654,655.8,657.2
"1363","Dtype 1 Dnum 834 Snum 789","MARINE ELEMENTARY",0,0,0,0.066666667,0.133333333,663.6,660.5,673.3
"1366","Dtype 1 Dnum 834 Snum 790","OAK PARK ELEMENTARY",1,0,0.045454545,0.121212121,0.196969697,654.8,651,658.1
"1369","Dtype 1 Dnum 834 Snum 792","WITHROW ELEMENTARY",1,0,0.1,0,0.066666667,663.7,658.4,667.8
"1372","Dtype 1 Dnum 834 Snum 793","STONEBRIDGE ELEMENTARY",1,0,0,0.224137931,0.068965517,655.2,654.8,656.7
"1375","Dtype 1 Dnum 834 Snum 804","RUTHERFORD ELEMENTARY",1,0,0.06185567,0.134020619,0.041237113,661.6,658,660.6
"1378","Dtype 1 Dnum 836 Snum 10","BUTTERFIELD ELEMENTARY",0,0,0.260869565,0.130434783,0.608695652,640.3,646.1,654.3
"1381","Dtype 1 Dnum 837 Snum 10","MADELIA ELEMENTARY",0,0,0.230769231,0.230769231,0.41025641,655.5,649,655.1
"1384","Dtype 1 Dnum 84 Snum 10","SLEEPY EYE ELEMENTARY",1,0,0.236842105,0.078947368,0.552631579,652.4,654.5,655.3
"1387","Dtype 1 Dnum 840 Snum 21","ST. JAMES ARMSTRONG ELEMENTARY",1,0,0.47761194,0.044776119,0.582089552,645.5,650.7,650
"1390","Dtype 1 Dnum 846 Snum 10","BRECKENRIDGE ELEMENTARY",0,0,0.03125,0.171875,0.421875,NA,651.8,658.9
"1392","Dtype 1 Dnum 85 Snum 2","SPRINGFIELD ELEMENTARY",0,0,0.090909091,0.181818182,0.431818182,662.1,657.2,662.3
"1395","Dtype 1 Dnum 850 Snum 10","ROTHSAY ELEMENTARY",0,0,0,0.25,0.45,655.6,655.6,653.2
"1398","Dtype 1 Dnum 852 Snum 10","CAMPBELL-TINTAH ELEMENTARY",0,0,0.066666667,0.333333333,0.466666667,648.6,NA,652.4
"1400","Dtype 1 Dnum 857 Snum 20","LEWISTON-ALTURA INTERMEDIATE EL.",0,0,0.06779661,0.13559322,0.440677966,650.6,653.7,649.6
"1403","Dtype 1 Dnum 858 Snum 2","ST. CHARLES ELEMENTARY",1,0,0.12,0.09,0.26,654,654.2,660.3
"1406","Dtype 1 Dnum 861 Snum 6","WINONA MIDDLE",1,0,0.141552511,0.191780822,0.406392694,653.1,645.6,650.6
"1409","Dtype 1 Dnum 876 Snum 2","ANNANDALE MIDDLE",0,0,0.015625,0.0703125,0.21875,658.9,658.9,659.8
"1412","Dtype 1 Dnum 877 Snum 30","BUFFALO COMMUNITY MIDDLE",1,0,0.059278351,0.134020619,0.265463918,652.9,652.9,655.8
"1415","Dtype 1 Dnum 879 Snum 15","DELANO MIDDLE",1,0,0.0625,0.15625,0.1625,657.8,663.2,663
"1418","Dtype 1 Dnum 88 Snum 30","WASHINGTON ELEMENTARY",1,0,0.072463768,0.144927536,0.224637681,652.7,655.7,655.8
"1421","Dtype 1 Dnum 881 Snum 10","MAPLE LAKE ELEMENTARY",0,0,0.026315789,0.105263158,0.223684211,657.2,655.5,654.6
"1424","Dtype 1 Dnum 882 Snum 30","MONTICELLO MIDDLE",1,0,0.074918567,0.13029316,0.315960912,651.9,655.2,654.9
"1427","Dtype 1 Dnum 883 Snum 3","ROCKFORD MIDDLE",1,0,0.094339623,0.08490566,0.301886792,658.8,654.8,655.3
"1430","Dtype 1 Dnum 885 Snum 30","ST. MICHAEL-ALBERTVILLE MIDDLE EAST",1,0,0.090909091,0.070707071,0.075757576,656.7,654.6,656.7
"1433","Dtype 1 Dnum 885 Snum 90","ST MICHAEL-ALBERTVILLE MIDDLE WEST",1,0,0.104166667,0.088541667,0.166666667,NA,NA,657
"1434","Dtype 1 Dnum 891 Snum 20","CANBY ELEMENTARY",0,0,0.060606061,0.090909091,0.515151515,657.4,660.4,662.1
"1437","Dtype 1 Dnum 91 Snum 1","BARNUM ELEMENTARY",0,0,0.018181818,0.109090909,0.363636364,650.1,649.5,653.1
"1440","Dtype 1 Dnum 911 Snum 301","CAMBRIDGE MIDDLE SCHOOL",1,0,0.048309179,0.048309179,0.309178744,652.4,651.8,655.9
"1443","Dtype 1 Dnum 911 Snum 302","ISANTI MIDDLE SCHOOL",0,0,0.068965517,0.075862069,0.434482759,649.4,652.1,651.7
"1446","Dtype 1 Dnum 911 Snum 303","MINNESOTA CENTER",0,0,0.029411765,0.176470588,0.558823529,657.2,663.2,659.9
"1449","Dtype 1 Dnum 912 Snum 10","MILACA ELEMENTARY",0,0,0.024590164,0.057377049,0.508196721,653.8,651.7,652.6
"1452","Dtype 1 Dnum 914 Snum 1","ULEN-HITTERDAL ELEMENTARY",0,0,0.16,0.08,0.36,643.3,650.4,650.8
"1455","Dtype 1 Dnum 93 Snum 1","CARLTON SECONDARY",0,0,0.257142857,0.171428571,0.428571429,NA,646.5,643.7
"1457","Dtype 1 Dnum 94 Snum 201","CLOQUET MIDDLE",1,0,0.241573034,0.168539326,0.382022472,654.1,652.4,656.3
"1460","Dtype 1 Dnum 95 Snum 10","CROMWELL-WRIGHT ELEMENTARY",0,0,0.095238095,0.095238095,0.571428571,651.3,649.8,664.1
"1463","Dtype 1 Dnum 97 Snum 20","MOOSE LAKE ELEMENTARY",0,0,0.045454545,0.166666667,0.378787879,650.4,653.3,650.7
"1466","Dtype 1 Dnum 99 Snum 30","WINTERQUIST ELEMENTARY",0,0,0.05,0.13,0.11,658.3,660.5,663.4
"1469","Dtype 3 Dnum 1 Snum 106","BARTON OPEN ELEMENTARY",1,0,0.207792208,0.12987013,0.142857143,656.4,652.3,655.1
"1472","Dtype 3 Dnum 1 Snum 119","FIELD ELEMENTARY",1,0,0.370689655,0.155172414,0.275862069,656.6,659.6,657.3
"1475","Dtype 3 Dnum 1 Snum 121","LAKE HARRIET UPPER SCHOOL",1,0,0.077777778,0.033333333,0.055555556,664.9,665.8,665.1
"1478","Dtype 3 Dnum 1 Snum 124","PARK VIEW MONTESSORI ELEMENTARY",1,0,0.956521739,0.217391304,0.913043478,648.6,636.7,637.7
"1481","Dtype 3 Dnum 1 Snum 134","LK NOKOMIS COMM-KEEWAYDIN CAMPUS",1,0,0.530612245,0.163265306,0.510204082,649.4,653.3,657.5
"1484","Dtype 3 Dnum 1 Snum 160","SEWARD ELEMENTARY",1,0,0.402985075,0.149253731,0.343283582,654.9,651,653.1
"1487","Dtype 3 Dnum 1 Snum 161","SHERIDAN ELEMENTARY",1,0,0.924242424,0.166666667,0.848484848,641.6,635,643.8
"1490","Dtype 3 Dnum 1 Snum 170","WINDOM SCHOOL",1,0,0,0.1,1,642.9,640.9,637.5
"1493","Dtype 3 Dnum 1 Snum 175","RAMSEY FINE ARTS ELEMENTARY",1,0,0.834782609,0.234782609,0.713043478,649.5,641.4,643.1
"1496","Dtype 3 Dnum 1 Snum 179","JEFFERSON ELEMENTARY",1,0,0.826086957,0.130434783,0.869565217,644.5,647,643.4
"1499","Dtype 3 Dnum 1 Snum 190","ANDERSEN COMMUNITY",1,0,0.980392157,0.156862745,0.882352941,640,634.3,637
"1502","Dtype 3 Dnum 1 Snum 193","SULLIVAN ELEMENTARY",1,0,0.837837838,0.459459459,0.837837838,635.5,637,636.2
"1505","Dtype 3 Dnum 1 Snum 225","ANISHINABE ACADEMY",1,0,0.967741935,0.225806452,0.870967742,634.5,631.4,640.9
"1508","Dtype 3 Dnum 1 Snum 226","MARCY OPEN ELEMENTARY",1,0,0.459016393,0.147540984,0.344262295,652.2,647.3,652.6
"1511","Dtype 3 Dnum 1 Snum 256","GREEN CENTRAL PARK ELEMENTARY",1,0,0,0.148148148,0.888888889,643.5,628.5,638.8
"1514","Dtype 3 Dnum 1 Snum 260","EMERSON ELEMENTARY",1,0,0.916666667,0.0625,0.729166667,649.7,641.6,640.2
"1517","Dtype 3 Dnum 1 Snum 282","LUCY LANEY @ CLEVELAND PARK ELEM.",1,0,0.975609756,0.292682927,0.902439024,631.8,627.7,631.7
"1520","Dtype 3 Dnum 1 Snum 288","NELLIE STONE JOHNSON ELEMENTARY",1,0,0.979166667,0.145833333,0.895833333,640.7,638.6,643.7
"1523","Dtype 3 Dnum 1 Snum 290","CITYVIEW PAM MAGNET",1,0,0,0.37037037,0.888888889,634,632.1,635.3
"1526","Dtype 3 Dnum 1 Snum 291","HMONG INTERNATIONAL ACADEMY",1,0,0,0.12195122,0.951219512,642,648.7,643.4
"1529","Dtype 3 Dnum 1 Snum 300","ANTHONY MIDDLE SCHOOL",1,0,0.283505155,0.134020619,0.25257732,656.6,653,656.9
"1532","Dtype 3 Dnum 1 Snum 301","ANWATIN MIDDLE SCHOOL",1,0,0.789855072,0.152173913,0.695652174,644.6,640.4,646.7
"1535","Dtype 3 Dnum 1 Snum 304","FOLWELL MIDDLE SCHOOL",1,0,0.9,0.25,0.75,641.4,641.8,638.6
"1538","Dtype 3 Dnum 1 Snum 311","SPAN",1,0,0.96969697,1,0.909090909,626.6,623.3,622.6
"1541","Dtype 3 Dnum 1 Snum 316","NORTHEAST MIDDLE",1,0,0.669064748,0.136690647,0.73381295,646.9,642.1,646
"1544","Dtype 3 Dnum 1 Snum 318","OLSON MIDDLE",1,0,0.919354839,0.14516129,0.903225806,635.6,632.5,638.6
"1547","Dtype 3 Dnum 1 Snum 324","SANFORD MIDDLE",1,0,0.503496503,0.146853147,0.524475524,646.4,649.1,650.4
"1550","Dtype 3 Dnum 1 Snum 405","URBAN LEAGUE ACADEMY ELEMENTARY",1,0,0,0.111111111,1,NA,627.2,NA
"1551","Dtype 3 Dnum 1 Snum 417","HERITAGE SCIENCE & TECHNOLOGY",1,0,0,0,0.6875,NA,NA,635.6
"1552","Dtype 3 Dnum 1 Snum 625","RIVER BEND EDUCATIONAL CENTER",1,0,0,1,0.923076923,NA,NA,619.6
"1553","Dtype 3 Dnum 1 Snum 689","MPS METRO SJ",1,0,0.666666667,1,0.916666667,NA,NA,621.6
"1554","Dtype 3 Dnum 6 Snum 735","LINCOLN CENTER ELEMENTARY",1,0,0.2265625,0.1796875,0.3359375,652.4,652.3,654
"1557","Dtype 3 Dnum 6 Snum 737","KAPOSIA EDUCATION CENTER ELEMENTARY",1,0,0.323232323,0.111111111,0.565656566,649.9,647.9,652.5
"1560","Dtype 7 Dnum 4001 Snum 10","BLUFFVIEW MONTESSORI",1,1,0.045454545,0.181818182,0.363636364,644.1,647.2,650.9
"1563","Dtype 7 Dnum 4008 Snum 10","PACT CHARTER SCHOOL",1,1,0.08,0.28,0.16,652.5,657.7,660.2
"1566","Dtype 7 Dnum 4011 Snum 10","NEW VISIONS CHARTER SCHOOL",1,1,0.666666667,0.333333333,0.916666667,635.9,630.7,641.1
"1569","Dtype 7 Dnum 4015 Snum 10","COMMUNITY OF PEACE ACADEMY",1,1,0.8,0.16,0.76,654.3,652,651.4
"1572","Dtype 7 Dnum 4016 Snum 10","WORLD LEARNER CHARTER SCHOOL",1,1,0.217391304,0.043478261,0.130434783,653.7,652.7,655.5
"1575","Dtype 7 Dnum 4017 Snum 11","MINNESOTA TRANSITIONS MIDDLE",1,1,0,0.105263158,0.842105263,628.9,630.8,636.3
"1578","Dtype 7 Dnum 4017 Snum 17","LEADERSHIP ACADEMY",1,1,0,0,1,625.7,NA,NA
"1579","Dtype 7 Dnum 4017 Snum 18","MTCS CONNECTIONS ACADEMY",1,1,0.060240964,0.192771084,0.457831325,648,648,649.9
"1582","Dtype 7 Dnum 4018 Snum 10","ACHIEVE LANGUAGE ACADEMY",1,1,0.911111111,0.2,0.888888889,646.4,649.3,650.6
"1585","Dtype 7 Dnum 4020 Snum 20","WASHBURN JR. ACADEMY",1,1,0.152777778,0.180555556,0.541666667,650.7,649.6,655.6
"1588","Dtype 7 Dnum 4025 Snum 10","CYBER VILLAGE ACADEMY",1,1,0.258064516,0.225806452,0.258064516,652.6,654.4,652.2
"1591","Dtype 7 Dnum 4026 Snum 10","E.C.H.O. CHARTER SCHOOL",0,1,0.25,0.25,0.5625,649.3,659.2,653.4
"1594","Dtype 7 Dnum 4027 Snum 10","HIGHER GROUND ACADEMY",1,1,0,0,1,645.7,650.4,655.1
"1597","Dtype 7 Dnum 4029 Snum 20","NEW SPIRIT MIDDLE SCHOOL",1,1,0.772727273,0.318181818,0.909090909,NA,633.2,644.5
"1599","Dtype 7 Dnum 4030 Snum 10","ODYSSEY ACADEMY",1,1,0.473684211,0.052631579,0.789473684,641.6,642,646.2
"1602","Dtype 7 Dnum 4032 Snum 10","HARVEST PREP SCHOOL/SEED ACADEMY",1,1,0,0.1,0.9,648.1,643.9,646.9
"1605","Dtype 7 Dnum 4035 Snum 10","CONCORDIA CREATIVE LEARNING ACADEMY",1,1,0.636363636,0.409090909,0.727272727,633.6,641.6,648.9
"1608","Dtype 7 Dnum 4038 Snum 10","SOJOURNER TRUTH ACADEMY",1,1,0,0.235294118,0.941176471,638.7,643.2,652.3
"1611","Dtype 7 Dnum 4042 Snum 10","TWIN CITIES ACADEMY",1,1,0.245283019,0.037735849,0.169811321,656.8,661.4,659.6
"1614","Dtype 7 Dnum 4043 Snum 10","MATH & SCIENCE ACADEMY",1,1,0.246153846,0.092307692,0,659.5,661.4,666.1
"1617","Dtype 7 Dnum 4050 Snum 10","LAFAYETTE PUBLIC CHARTER SCHOOL",0,1,0,0.571428571,0.714285714,638,NA,NA
"1618","Dtype 7 Dnum 4053 Snum 10","NORTH LAKES ACADEMY",1,1,0.073170732,0.097560976,0.170731707,652.2,652.5,656.1
"1621","Dtype 7 Dnum 4058 Snum 10","SCHOOLCRAFT LEARNING COMMUNITY CHTR",1,1,0.176470588,0.117647059,0.352941176,649.7,650.9,651.5
"1624","Dtype 7 Dnum 4059 Snum 10","CROSSLAKE COMMUNITY CHARTER SCHOOL",0,1,0.090909091,0.272727273,0.454545455,650.3,649.9,652.8
"1627","Dtype 7 Dnum 4067 Snum 10","AURORA CHARTER SCHOOL",1,1,0,0.029411765,0.882352941,639.9,640.8,646.8
"1630","Dtype 7 Dnum 4068 Snum 10","EXCELL ACADEMY CHARTER",1,1,0.923076923,0.051282051,0.794871795,640.5,636.6,641.1
"1633","Dtype 7 Dnum 4070 Snum 10","HOPE COMMUNITY ACADEMY",1,1,0.9375,0,0.875,654.9,649.1,660.7
"1636","Dtype 7 Dnum 4073 Snum 10","ACADEMIA CESAR CHAVEZ CHARTER SCH.",1,1,0,0.142857143,0.928571429,634.5,640.1,640.3
"1639","Dtype 7 Dnum 4078 Snum 10","MN INTERNATIONAL MIDDLE CHARTER",1,1,0.975308642,0.037037037,1,641.3,634.1,641.1
"1642","Dtype 7 Dnum 4084 Snum 10","NORTH SHORE COMMUNITY SCHOOL",1,1,0,0.051282051,0.384615385,654.6,652.3,656.9
"1645","Dtype 7 Dnum 4086 Snum 10","WOODSON INSTITUTE FOR EXCELLENCE CH",1,1,0,0.151515152,0.96969697,645.3,647.2,640.8
"1648","Dtype 7 Dnum 4088 Snum 10","URBAN ACADEMY CHARTER SCHOOL",1,1,0.941176471,0.294117647,0.941176471,626.9,631.7,637.8
"1651","Dtype 7 Dnum 4091 Snum 10","ARTECH",1,1,0.071428571,0.071428571,0.285714286,651.7,650.2,653.9
"1654","Dtype 7 Dnum 4097 Snum 10","PARTNERSHIP ACADEMY, INC.",1,1,0,0,1,NA,NA,653.3
"1655","Dtype 7 Dnum 4098 Snum 20","NOVA CLASSICAL ACADEMY UPPER SCHOOL",1,1,0.166666667,0.092592593,0.074074074,NA,NA,663.3
"1656","Dtype 7 Dnum 4099 Snum 10","TAREK IBN ZIYAD ACADEMY",1,1,0,0,0.818181818,656.2,659.2,667.5
"1659","Dtype 7 Dnum 4099 Snum 20","TAREK IBN ZIYAD ACADEMY BLAINE",1,1,0,0,0.6,NA,NA,667
"1660","Dtype 7 Dnum 4103 Snum 20","HMONG COLLEGE PREP MIDDLE ACADEMY",1,1,0.9,0.4,0.8,NA,NA,638.4
"1661","Dtype 7 Dnum 4115 Snum 10","MINNEAPOLIS ACADEMY CHARTER SCHOOL",1,1,0.6875,0.21875,0.84375,644.4,644.1,648.1
"1664","Dtype 7 Dnum 4116 Snum 10","LAKES INTERNATIONAL LANGUAGE ADMY",1,1,0.2,0.066666667,0.233333333,657.2,657.3,652.8
"1667","Dtype 7 Dnum 4118 Snum 10","KALEIDOSCOPE CHARTER SCHOOL",0,1,0.104166667,0.145833333,0.041666667,650,655.4,650.7
"1670","Dtype 7 Dnum 4120 Snum 20","ST CROIX PREPARATORY ACADEMY MIDDLE",1,1,0.048780488,0.024390244,0.048780488,NA,NA,663.7
"1671","Dtype 7 Dnum 4122 Snum 10","EAGLE RIDGE ACADEMY CHARTER SCHOOL",1,1,0.081632653,0.020408163,0.102040816,661.3,656.9,659
"1674","Dtype 7 Dnum 4124 Snum 10","BEACON ACADEMY",1,1,0.217391304,0.260869565,0.239130435,NA,651,652.2
"1676","Dtype 7 Dnum 4126 Snum 10","PRAIRIE SEEDS ACADEMY",1,1,0,0.065217391,0.913043478,NA,643.7,640
"1678","Dtype 7 Dnum 4127 Snum 10","TEAM ACADEMY",1,1,0.076923077,0.230769231,0.153846154,652.6,657.9,656.8
"1681","Dtype 7 Dnum 4133 Snum 10","BEACON PREPARATORY SCHOOL",1,1,0.229166667,0.208333333,0.375,653.1,656.2,659
"1684","Dtype 7 Dnum 4135 Snum 10","ROCHESTER MATH & SCIENCE ACADEMY",1,1,0,0,0.947368421,649.2,652.5,655.7
"1687","Dtype 7 Dnum 4137 Snum 10","SWAN RIVER MONTESSORI CHARTER SCH",1,1,0,0.2,0.4,644.9,NA,NA
"1688","Dtype 7 Dnum 4139 Snum 10","LOVEWORKS ACADEMY FOR ARTS",1,1,0.904761905,0.095238095,0.666666667,640.1,628.9,642.6
"1691","Dtype 7 Dnum 4140 Snum 10","YINGHUA ACADEMY",1,1,0.7,0,0.1,NA,NA,663.4
"1692","Dtype 7 Dnum 4141 Snum 10","PAIDEIA ACADEMY CHARTER SCHOOL",1,1,0.159090909,0.090909091,0.25,652.2,648.6,653.8
"1695","Dtype 7 Dnum 4142 Snum 10","STRIDE ACADEMY CHARTER SCHOOL",1,1,0.352941176,0.294117647,0.617647059,652.2,656,655.7
"1698","Dtype 7 Dnum 4143 Snum 10","NEW MILLENIUM ACADEMY CHARTER SCH",1,1,0,0,0.85106383,651.9,646.8,647.4
"1701","Dtype 7 Dnum 4144 Snum 10","GREEN ISLE COMMUNITY SCHOOL",0,1,0,0.363636364,0.363636364,NA,NA,650.6
"1702","Dtype 7 Dnum 4149 Snum 10","CYGNUS ACADEMY",1,1,0.045454545,0.136363636,0.227272727,646.6,648.8,655.6
"1705","Dtype 7 Dnum 4153 Snum 10","DUGSI ACADEMY",1,1,0,0,1,645.3,634.7,NA
"1707","Dtype 7 Dnum 4155 Snum 10","NAYTAHWAUSH COMMUNITY SCHOOL",0,1,0,0.444444444,1,645.5,NA,NA
"1708","Dtype 7 Dnum 4161 Snum 10","NEW DISCOVERIES MONTESSORI ACADEMY",1,1,0.071428571,0.214285714,0.428571429,642.4,644.5,648.6
"1711","Dtype 7 Dnum 4163 Snum 10","LEARNING FOR LEADERSHIP CHARTER",1,1,0.846153846,0.153846154,0.923076923,634.7,632.9,631.5
"1714","Dtype 7 Dnum 4164 Snum 10","LAURA JEFFREY ACADEMY CHARTER",1,1,0.391304348,0.028985507,0.217391304,NA,648,656.1
"1716","Dtype 7 Dnum 4168 Snum 10","GLACIAL HILLS ELEMENTARY",0,1,0,0.235294118,0.352941176,NA,NA,658.7
"1717","Dtype 7 Dnum 4171 Snum 10","NOBLE ACADEMY",1,1,0,0.083333333,0.916666667,NA,650.7,650.6
"1719","Dtype 7 Dnum 4172 Snum 10","CLARKFIELD CHARTER SCHOOL",0,1,0.083333333,0.166666667,0.833333333,NA,NA,652.2
"1720","Dtype 7 Dnum 4180 Snum 10","EMILY O. GOODRIDGE-GREY ACCELERATED",1,1,0,0.2,1,NA,626.1,632.6
"1722","Dtype 7 Dnum 4182 Snum 10","QUEST ACADEMY",1,1,0.315789474,0.315789474,0.368421053,NA,639,637.1
"1724","Dtype 7 Dnum 4185 Snum 10","DAVINCI ACADEMY",1,1,0,0.083333333,0.208333333,NA,646.3,651.6
"1726","Dtype 7 Dnum 4186 Snum 10","GLOBAL ACADEMY",1,1,0.454545455,0,0.909090909,NA,651.1,672.3
"1728","Dtype 7 Dnum 4188 Snum 10","COLOGNE ACADEMY",0,1,0.076923077,0,0.461538462,NA,NA,653.2
"1729","Dtype 7 Dnum 4191 Snum 10","KIPP MINNESOTA CHARTER SCHOOL",1,1,0,0.179104478,0.880597015,NA,NA,641.3
"1730","Dtype 7 Dnum 4192 Snum 10","BEST ACADEMY",1,1,0,0.16,0.6,NA,652.4,650.7
"1732","Dtype 7 Dnum 4194 Snum 10","CANNON RIVER STEM SCHOOL",1,1,0.052631579,0.105263158,0.315789474,NA,NA,651.4
"1733","Dtype 7 Dnum 4196 Snum 10","RICHARD ALLEN MATH&SCIENCE ACADEMY",1,1,0.818181818,0.454545455,0.545454545,NA,NA,631.2
